Item ID,Color Family Name,Slug,Swatch Color
6ab0d1f07e10c6ac95d613c7,Black,black,#101820
6ab0d1f07e10c6ac95d613c9,Blue,blue,#2457A7
6ab0d1f07e10c6ac95d613cb,Brown,brown,#6B4F3A
6ab0d1f07e10c6ac95d613cd,Charcoal,charcoal,#54585A
6ab0d1f07e10c6ac95d613cf,Green,green,#2E7D4F
6ab0d1f07e10c6ac95d613d1,Grey,grey,#8A8D8F
6ab0d1f07e10c6ac95d613d3,Multi Coloured,multi-coloured,
6ab0d1f07e10c6ac95d613d5,Navy,navy,#1D2D44
6ab0d1f07e10c6ac95d613d7,Olive,olive,#6B6F3E
6ab0d1f07e10c6ac95d613d9,Orange,orange,#F47C20
6ab0d1f07e10c6ac95d613db,Pink,pink,#E78FA5
6ab0d1f07e10c6ac95d613dd,Purple,purple,#6F42A5
6ab0d1f07e10c6ac95d613df,Red,red,#C8102E
6ab0d1f07e10c6ac95d613e1,Stone,stone,#B7B09C
6ab0d1f07e10c6ac95d613e3,Teal,teal,#168A8A
6ab0d1f07e10c6ac95d613e5,White,white,#FFFFFF
6ab0d1f07e10c6ac95d613e7,Yellow,yellow,#F2C300
