Color Name,Slug,Color Families,Swatch Type,Swatch Color 1,Swatch Color 2,Swatch Color 3
Aegean Blue,aegean-blue,blue,,,,
Aqua,aqua,teal,One Colour,#35B6C4,,
Arctic Blue,arctic-blue,blue,,,,
Army,army,green; olive,One Colour,#555B2E,,
Ash,ash,grey,One Colour,#C7C9C7,,
Bamboo,bamboo,brown; stone,One Colour,#D7C59A,,
Black,black,black,One Colour,#101820,,
Black Charcoal,black-charcoal,black; charcoal,,,,
Black Marle,black-marle,black,One Colour,#34383C,,
Black/Black,black-black,black,,,,
Black/Brown,black-brown,black; brown,Two Colour,#101820,#6B4F3A,
Black/Cyan,black-cyan,black; blue; teal,Two Colour,#101820,#00A6CE,
Black/Fluoro Orange/Grey,black-fluoro-orange-grey,black; grey; orange,Three Colour,#101820,#FF6A13,#8A8D8F
Black/Gold,black-gold,black; yellow,Two Colour,#101820,#D6A419,
Black/Graphite,black-graphite,black; charcoal; grey,Two Colour,#101820,#5A5D60,
Black/Purple/Grey,black-purple-grey,black; grey; purple,Three Colour,#101820,#6F42A5,#8A8D8F
Black/Red,black-red,black; red,Two Colour,#101820,#C8102E,
Black/Red/Grey,black-red-grey,black; grey; red,Three Colour,#101820,#C8102E,#8A8D8F
Black/Red/White,black-red-white,black; red; white,Three Colour,#101820,#C8102E,#FFFFFF
Black/Royal/Grey,black-royal-grey,black; blue; grey,Three Colour,#101820,#4169E1,#8A8D8F
Black/Silver,black-silver,black; grey,Two Colour,#101820,#B8BDC2,
Black/Teal/Silver,black-teal-silver,black; grey; teal,Three Colour,#101820,#168A8A,#B8BDC2
Black/White,black-white,black; white,Two Colour,#101820,#FFFFFF,
Black/White/Silver,black-white-silver,black; grey; white,Three Colour,#101820,#FFFFFF,#B8BDC2
Black/White/White,black-white-white,black; white,Two Colour,#101820,#FFFFFF,#FFFFFF
Blue,blue,blue,One Colour,#2457A7,,
Blue Chambray,blue-chambray,blue,One Colour,#7D9FB8,,
Blue with Navy Trim,blue-with-navy-trim,blue; navy,Two Colour,#2457A7,#1D2D44,
Bone,bone,stone; white,One Colour,#D6D2C4,,
Bottle,bottle,green,One Colour,#174A3A,,
Bottle Green,bottle-green,green,One Colour,#174A3A,,
Brick,brick,brown; red,One Colour,#A64B3C,,
Bright Royal,bright-royal,blue,One Colour,#4169E1,,
Brown,brown,brown,One Colour,#6B4F3A,,
Caribbean Blue,caribbean-blue,blue,One Colour,#29A9C7,,
Chalk,chalk,white,One Colour,#F1EEE5,,
Charcoal,charcoal,charcoal,One Colour,#54585A,,
Charcoal Marle,charcoal-marle,charcoal,One Colour,#666B6D,,
Charcoal/Black,charcoal-black,black; charcoal,Two Colour,#54585A,#101820,
Charcoal/Silver,charcoal-silver,charcoal; grey,Two Colour,#54585A,#B8BDC2,
Charcoal/White,charcoal-white,charcoal; white,Two Colour,#54585A,#FFFFFF,
Check,check,multi-coloured,Multi Colour,,,
Cherry,cherry,red,One Colour,#B3203A,,
Cinnamon,cinnamon,brown; orange,One Colour,#A45A2A,,
Coal,coal,charcoal,One Colour,#4B4F54,,
Cool Grey,cool-grey,grey,,,,
Crimson,crimson,red,One Colour,#9D2235,,
Cyan,cyan,blue; teal,One Colour,#00A6CE,,
Cypress,cypress,green,One Colour,#4D6255,,
Dark Blue,dark-blue,blue,One Colour,#1F3A5F,,
Dark Grey,dark-grey,grey,One Colour,#55595C,,
Dark Stone,dark-stone,brown,One Colour,#827567,,
Denim,denim,blue,One Colour,#4E6E81,,
Denim Blue,denim-blue,blue,One Colour,#4E6E81,,
Desert,desert,brown,One Colour,#C7A77A,,
Dusty Blue,dusty-blue,blue,One Colour,#7E9CAF,,
Dusty Rose,dusty-rose,pink,One Colour,#B77B82,,
Ecru,ecru,stone; white,One Colour,#EFDBB2,,
Electric Blue,electric-blue,blue,One Colour,#0077C8,,
Emerald,emerald,green,One Colour,#008C6A,,
Espresso,espresso,brown,One Colour,#4A3428,,
Forest,forest,green,One Colour,#234F3A,,
Forest Green,forest-green,green,One Colour,#234F3A,,
French Blue,french-blue,blue,One Colour,#3E6FA8,,
French Navy,french-navy,navy,,,,
Gold,gold,yellow,One Colour,#D6A419,,
Grape,grape,purple,One Colour,#6E3A78,,
Green,green,green,One Colour,#2E7D4F,,
Green/White,green-white,green; white,Two Colour,#2E7D4F,#FFFFFF,
Grey,grey,grey,One Colour,#8A8D8F,,
Grey Marle,grey-marle,grey,One Colour,#A3A5A6,,
Grey Smoke,grey-smoke,grey,One Colour,#777E82,,
Grey/Fluoro Lime/Silver,grey-fluoro-lime-silver,green; grey; yellow,Three Colour,#8A8D8F,#CCFF00,#B8BDC2
Grey/Silver,grey-silver,grey,Two Colour,#8A8D8F,#B8BDC2,
Gunmetal,gunmetal,charcoal; grey,One Colour,#59636A,,
Gunmetal/Red,gunmetal-red,charcoal; grey; red,Two Colour,#59636A,#C8102E,
Hazy Pink,hazy-pink,pink,One Colour,#D8A5AC,,
Heavy Cloud,heavy-cloud,grey,One Colour,#BFC3C5,,
Hot Pink,hot-pink,pink,One Colour,#E83E8C,,
Hunter Green,hunter-green,green,One Colour,#1F4D3A,,
Indigo Blue,indigo-blue,blue,One Colour,#344A78,,
Ink,ink,blue; navy,One Colour,#243746,,
Ink Blue,ink-blue,blue,One Colour,#243746,,
Ivory,ivory,white,One Colour,#F2EBD9,,
Jade,jade,green; teal,One Colour,#3A9D78,,
Jasper Green,jasper-green,green,One Colour,#3D6B57,,
Jet Black,jet-black,black,One Colour,#101820,,
Kelly Green,kelly-green,green,One Colour,#2D8C4B,,
Khaki,khaki,brown; green; stone,One Colour,#B7A37A,,
Lapis,lapis,blue,One Colour,#2F5DA8,,
Latte,latte,brown,One Colour,#B79A7B,,
Latte/Charcoal,latte-charcoal,brown; charcoal,Two Colour,#B79A7B,#54585A,
Light Blue,light-blue,blue,One Colour,#A9CFE5,,
Light Brown,light-brown,brown,One Colour,#A98263,,
Light Grey,light-grey,grey,One Colour,#D0D3D4,,
Lilac,lilac,purple,One Colour,#C3A6D9,,
Lime,lime,green; yellow,One Colour,#9ACD32,,
Lt Blue,lt-blue,blue,One Colour,#A9CFE5,,
Marine,marine,navy,One Colour,#315A70,,
Maroon,maroon,red,One Colour,#702F3B,,
Medium Blue,medium-blue,blue,One Colour,#4F7CAC,,
Mid Blue,mid-blue,blue,One Colour,#4F7CAC,,
Midnight Blue,midnight-blue,blue,One Colour,#1B2A41,,
Midnight Navy,midnight-navy,navy,One Colour,#16243A,,
Military Green,military-green,green,One Colour,#59613D,,
Mineral Blue,mineral-blue,blue,One Colour,#607D8B,,
Mineral Green,mineral-green,green,,,,
Multi Coloured,multi-coloured,multi-coloured,,,,
Mushroom,mushroom,brown; stone,One Colour,#A39382,,
Musk,musk,pink,One Colour,#C89AA3,,
Mustard,mustard,yellow,One Colour,#C49A20,,
Natural,natural,brown; stone; white,One Colour,#E3D8C6,,
Natural/Mid Blue,natural-mid-blue,blue; brown; white,Two Colour,#E3D8C6,#4F7CAC,
Natural/Walnut,natural-walnut,brown; white,Two Colour,#E3D8C6,#63513D,
Navy,navy,navy,One Colour,#1D2D44,,
Navy Dusk,navy-dusk,navy,One Colour,#4B5870,,
Navy Marle,navy-marle,navy,One Colour,#4C5665,,
Navy/Brown,navy-brown,brown; navy,Two Colour,#1D2D44,#6B4F3A,
Navy/Charcoal,navy-charcoal,charcoal; navy,Two Colour,#1D2D44,#54585A,
Navy/Graphite,navy-graphite,charcoal; grey; navy,Two Colour,#1D2D44,#5A5D60,
Navy/Navy,navy-navy,navy,Two Colour,#1D2D44,#1D2D44,
Navy/Red/Silver,navy-red-silver,grey; navy; red,Three Colour,#1D2D44,#C8102E,#B8BDC2
Navy/Red/White,navy-red-white,navy; red; white,Three Colour,#1D2D44,#C8102E,#FFFFFF
Navy/Silver,navy-silver,grey; navy,Two Colour,#1D2D44,#B8BDC2,
Navy/Sky/Silver,navy-sky-silver,blue; grey; navy,Three Colour,#1D2D44,#8EC5E5,#B8BDC2
Navy/White,navy-white,navy; white,Two Colour,#1D2D44,#FFFFFF,
Navy/White/Silver,navy-white-silver,grey; navy; white,Three Colour,#1D2D44,#FFFFFF,#B8BDC2
Navy/White/White,navy-white-white,navy; white,Two Colour,#1D2D44,#FFFFFF,#FFFFFF
Ocean,ocean,blue,One Colour,#2C7185,,
Ocean Blue,ocean-blue,blue,One Colour,#2C7185,,
Ocean Blue/Silver,ocean-blue-silver,blue; grey,Two Colour,#2C7185,#B8BDC2,
Ocean Marle,ocean-marle,blue,One Colour,#668A96,,
Olive,olive,green; olive,One Colour,#6B6F3E,,
Orange,orange,orange,One Colour,#F47C20,,
Orange/Charcoal,orange-charcoal,charcoal; orange,Two Colour,#F47C20,#54585A,
Orange/Navy,orange-navy,navy; orange,Two Colour,#F47C20,#1D2D44,
Orchid,orchid,purple,One Colour,#B565A7,,
Pacific Blue,pacific-blue,blue,One Colour,#2B7EA1,,
Patriot Blue,patriot-blue,blue,,,,
Pea Green,pea-green,green,One Colour,#79A857,,
Peacock,peacock,teal,One Colour,#147D83,,
Pencil Black,pencil-black,black,One Colour,#2A2A2A,,
Pink,pink,pink,One Colour,#E78FA5,,
Pink/Navy,pink-navy,navy; pink,Two Colour,#E78FA5,#1D2D44,
Pistachio,pistachio,green,One Colour,#B7C98B,,
Platinum/Charcoal,platinum-charcoal,charcoal; grey,Two Colour,#B4B7B9,#54585A,
Powder,powder,blue,One Colour,#D8C8C2,,
Powder Blue,powder-blue,blue,One Colour,#B0C9D9,,
Purple,purple,purple,One Colour,#6F42A5,,
Racing Green/White,racing-green-white,green; white,Two Colour,#2E7D4F,#FFFFFF,
Raspberry,raspberry,red,One Colour,#B03060,,
Red,red,red,One Colour,#C8102E,,
Red/Silver,red-silver,grey; red,Two Colour,#C8102E,#B8BDC2,
Red/White,red-white,red; white,Two Colour,#C8102E,#FFFFFF,
Royal,royal,blue,One Colour,#4169E1,,
Royal Blue,royal-blue,blue,One Colour,#4169E1,,
Royal/White,royal-white,blue; white,Two Colour,#4169E1,#FFFFFF,
Royal/White/White,royal-white-white,blue; white,Two Colour,#4169E1,#FFFFFF,#FFFFFF
Ruby,ruby,red,,,,
Rust,rust,brown; orange; red,One Colour,#A34F2D,,
Sand,sand,brown; stone,One Colour,#C8B28A,,
Sandstone,sandstone,brown; stone,One Colour,#B9A07A,,
Seafoam,seafoam,green,One Colour,#9CCFC0,,
Silver,silver,grey,One Colour,#B8BDC2,,
Silver Mist,silver-mist,grey,One Colour,#C7CDD1,,
Sky,sky,blue,One Colour,#8EC5E5,,
Sky Blue,sky-blue,blue,One Colour,#8EC5E5,,
Sky/White,sky-white,blue; white,Two Colour,#8EC5E5,#FFFFFF,
Slate,slate,grey,One Colour,#65727C,,
Smoke Grey,smoke-grey,grey,,,,
Star White,star-white,white,One Colour,#FAFAF5,,
Steel Grey/Black/White,steel-grey-black-white,black; grey; white,Three Colour,#8A8D8F,#101820,#FFFFFF
Stone,stone,brown; stone,One Colour,#B7B09C,,
Stonewash Black,stonewash-black,black,One Colour,#4B4D4F,,
Stonewash Blue,stonewash-blue,blue,One Colour,#6C8192,,
Storm,storm,grey,One Colour,#A2AAAD,,
Storm Blue,storm-blue,blue,One Colour,#60798A,,
Storm Grey,storm-grey,grey,,,,
Tan,tan,brown,One Colour,#B78B5F,,
Teal,teal,teal,One Colour,#168A8A,,
Teal/Silver,teal-silver,grey; teal,Two Colour,#168A8A,#B8BDC2,
Toffee,toffee,brown,One Colour,#A66F44,,
True White,true-white,white,One Colour,#FFFFFF,,
Vic Rail Orange,vic-rail-orange,orange,One Colour,#F36C21,,
Vintage Blue,vintage-blue,blue,,,,
Vintage Brown,vintage-brown,brown,One Colour,#765846,,
Vintage Cognac,vintage-cognac,brown,One Colour,#9B5D3D,,
Walnut,walnut,brown,One Colour,#63513D,,
Wheat,wheat,stone,One Colour,#D7C18A,,
White,white,white,One Colour,#FFFFFF,,
White Marle,white-marle,grey; white,One Colour,#E6E6E3,,
White/Black,white-black,black; white,Two Colour,#FFFFFF,#101820,
White/Black/Silver,white-black-silver,black; grey; white,Three Colour,#FFFFFF,#101820,#B8BDC2
White/Navy,white-navy,navy; white,Two Colour,#FFFFFF,#1D2D44,
White/Red,white-red,red; white,Two Colour,#FFFFFF,#C8102E,
White/Silver,white-silver,grey; white,Two Colour,#FFFFFF,#B8BDC2,
Wine,wine,red,One Colour,#722F37,,
Yellow,yellow,yellow,One Colour,#F2C300,,
Yellow/Black,yellow-black,black; yellow,Two Colour,#F2C300,#101820,
Yellow/Bottle,yellow-bottle,green; yellow,Two Colour,#F2C300,#174A3A,
Yellow/Charcoal,yellow-charcoal,charcoal; yellow,Two Colour,#F2C300,#54585A,
Yellow/Navy,yellow-navy,navy; yellow,Two Colour,#F2C300,#1D2D44,
