Item ID,Color Family Name,Slug,Colors
6ab0d1f07e10c6ac95d613c7,Black,black,black; black-charcoal; black-marle; black-black; black-brown; black-cyan; black-fluoro-orange-grey; black-gold; black-graphite; black-purple-grey; black-red; black-red-grey; black-red-white; black-royal-grey; black-silver; black-teal-silver; black-white; black-white-silver; black-white-white; charcoal-black; jet-black; pencil-black; steel-grey-black-white; stonewash-black; white-black; white-black-silver; yellow-black
6ab0d1f07e10c6ac95d613c9,Blue,blue,aegean-blue; arctic-blue; black-cyan; black-royal-grey; blue; blue-chambray; blue-with-navy-trim; bright-royal; caribbean-blue; cyan; dark-blue; denim; denim-blue; dusty-blue; electric-blue; french-blue; indigo-blue; ink; ink-blue; lapis; light-blue; lt-blue; medium-blue; mid-blue; midnight-blue; mineral-blue; natural-mid-blue; navy-sky-silver; ocean; ocean-blue; ocean-blue-silver; ocean-marle; pacific-blue; patriot-blue; powder; powder-blue; royal; royal-blue; royal-white; royal-white-white; sky; sky-blue; sky-white; stonewash-blue; storm-blue; vintage-blue
6ab0d1f07e10c6ac95d613cb,Brown,brown,bamboo; black-brown; brick; brown; cinnamon; dark-stone; desert; espresso; khaki; latte; latte-charcoal; light-brown; mushroom; natural; natural-mid-blue; natural-walnut; navy-brown; rust; sand; sandstone; stone; tan; toffee; vintage-brown; vintage-cognac; walnut
6ab0d1f07e10c6ac95d613cd,Charcoal,charcoal,black-charcoal; black-graphite; charcoal; charcoal-marle; charcoal-black; charcoal-silver; charcoal-white; coal; gunmetal; gunmetal-red; latte-charcoal; navy-charcoal; navy-graphite; orange-charcoal; platinum-charcoal; yellow-charcoal
6ab0d1f07e10c6ac95d613cf,Green,green,army; bottle; bottle-green; cypress; emerald; forest; forest-green; green; green-white; grey-fluoro-lime-silver; hunter-green; jade; jasper-green; kelly-green; khaki; lime; military-green; mineral-green; olive; pea-green; pistachio; racing-green-white; seafoam; yellow-bottle
6ab0d1f07e10c6ac95d613d1,Grey,grey,ash; black-fluoro-orange-grey; black-graphite; black-purple-grey; black-red-grey; black-royal-grey; black-silver; black-teal-silver; black-white-silver; charcoal-silver; cool-grey; dark-grey; grey; grey-marle; grey-smoke; grey-fluoro-lime-silver; grey-silver; gunmetal; gunmetal-red; heavy-cloud; light-grey; navy-graphite; navy-red-silver; navy-silver; navy-sky-silver; navy-white-silver; ocean-blue-silver; platinum-charcoal; red-silver; silver; silver-mist; slate; smoke-grey; steel-grey-black-white; storm; storm-grey; teal-silver; white-marle; white-black-silver; white-silver
6ab0d1f07e10c6ac95d613d3,Multi Coloured,multi-coloured,check; multi-coloured
6ab0d1f07e10c6ac95d613d5,Navy,navy,blue-with-navy-trim; french-navy; ink; marine; midnight-navy; navy; navy-dusk; navy-marle; navy-brown; navy-charcoal; navy-graphite; navy-navy; navy-red-silver; navy-red-white; navy-silver; navy-sky-silver; navy-white; navy-white-silver; navy-white-white; orange-navy; pink-navy; white-navy; yellow-navy
6ab0d1f07e10c6ac95d613d7,Olive,olive,army; olive
6ab0d1f07e10c6ac95d613d9,Orange,orange,black-fluoro-orange-grey; cinnamon; orange; orange-charcoal; orange-navy; rust; vic-rail-orange
6ab0d1f07e10c6ac95d613db,Pink,pink,dusty-rose; hazy-pink; hot-pink; musk; pink; pink-navy
6ab0d1f07e10c6ac95d613dd,Purple,purple,black-purple-grey; grape; lilac; orchid; purple
6ab0d1f07e10c6ac95d613df,Red,red,black-red; black-red-grey; black-red-white; brick; cherry; crimson; gunmetal-red; maroon; navy-red-silver; navy-red-white; raspberry; red; red-silver; red-white; ruby; rust; white-red; wine
6ab0d1f07e10c6ac95d613e1,Stone,stone,bamboo; bone; ecru; khaki; mushroom; natural; sand; sandstone; stone; wheat
6ab0d1f07e10c6ac95d613e3,Teal,teal,aqua; black-cyan; black-teal-silver; cyan; jade; peacock; teal; teal-silver
6ab0d1f07e10c6ac95d613e5,White,white,black-red-white; black-white; black-white-silver; black-white-white; bone; chalk; charcoal-white; ecru; green-white; ivory; natural; natural-mid-blue; natural-walnut; navy-red-white; navy-white; navy-white-silver; navy-white-white; racing-green-white; red-white; royal-white; royal-white-white; sky-white; star-white; steel-grey-black-white; true-white; white; white-marle; white-black; white-black-silver; white-navy; white-red; white-silver
6ab0d1f07e10c6ac95d613e7,Yellow,yellow,black-gold; gold; grey-fluoro-lime-silver; lime; mustard; yellow; yellow-black; yellow-bottle; yellow-charcoal; yellow-navy
