Product Name,Slug,Product SKU,Hero Image
Women's Cool Stretch Bandless Slim Leg Pant,womens-cool-stretch-bandless-slim-leg-pant,10121,10121-10121-womens-cool-stretch-bandless-slim-leg-pant-navy-hero-front
Freshen Polo L/S Men's,freshen-polo-l-s-mens,1043,1043-1043-freshen-polo-ls-mens-white-hero-front
Glacier Men's S/S Polos,glacier-mens-s-s-polos,1054,1054-model-catalog-set-a-man-with-dark-skin-and-short-black-hair-1rblvl02
Silvertech Polo - Men's,silvertech-polo-mens,1058,1058-1058-silvertech-mens-s-s-polo-hero-front
Freshen Polo Men's,freshen-polo-mens,1061,1061-1061-freshen-polo-mens-white-red-hero-front
Superdry Polo - Men's,superdry-polo-mens,1062,1062-1062-superdry-polo-mens-white-navy-hero-front
Kahve Polo - Men's,kahve-polo-mens,1064,1064-1064-kahve-polo-mens-white-hero-front
Women's Bandless Elastic Waist Pant,womens-bandless-elastic-waist-pant,10722,10722-10722-siena-womens-bandless-elastic-waist-pant-hero-front
Canvas Apron,canvas-apron,1080,1080-1080-canvas-apron-hero-front
Trucker Cap,trucker-cap,1108,1108-1108-stock-trucker-cap-hero-front
Access Cap,access-cap,1130,1130-1130-access-cap-black-hero-front
Freshen Polo L/S Ladies,freshen-polo-l-s-ladies,1143,1143-1143-freshen-polo-l-s-ladies-white-hero-front
Glacier Ladies S/S Polos,glacier-ladies-s-s-polos,1154,1154-1154-glacier-ladies-ss-polo-ocean-white-hero-front
Freshen Polo - Ladies,freshen-polo-ladies,1161,1161-1161-freshen-polo-ladies-white-navy-hero-front
Superdry Polo Ladies,superdry-polo-ladies,1162,1162-1162-superdry-polo-ladies-white-navy-hero-front
Kahve Polo - Ladies,kahve-polo-ladies,1164,1164-1164-kahve-polo-ladies-white-hero-front
Nylon Bucket Hat,nylon-bucket-hat,1171,1171-1171-nylon-bucket-hat-army-hero-front
Wide Brim Bucket Hat,wide-brim-bucket-hat,1172,1172-1172-wide-brim-bucket-hat-main-black-hero-front
Nylon Wide Brim Bucket Hat,nylon-wide-brim-bucket-hat,1174,1174-1174-nylon-wide-brim-bucket-hat-black-hero-front
Eureka Men's Tees,eureka-mens-tees,1204,1204-1204-eureka-mens-tee-black-white-hero-front
Men's Nicholson Premium Poplin Long Sleeve Shirt,mens-nicholson-premium-poplin-long-sleeve-shirt,1272L,1272l-1272l-mens-nicholson-premium-poplin-long-sleeve-shirt-star-white-hero-front
Men's Nicholson Premium Poplin Short Sleeve Shirt,mens-nicholson-premium-poplin-short-sleeve-shirt,1272S,1272s-1272s-mens-nicholson-premium-poplin-short-sleeve-shirt-star-white-hero-front
Selwyn Men's Jackets,selwyn-mens-jackets,1512,1512-1512-selwyn-mens-jacket-hero-front
Men's Olympus Soft Shell Jacket,mens-olympus-soft-shell-jacket,1513,1513-1513-mens-olympus-soft-shell-jacket-black-hero-front
Women's Nicholson Premium Poplin Long Sleeve Shirt,womens-nicholson-premium-poplin-long-sleeve-shirt,1520WL,1520wl-1520wl-premium-poplin-long-sleeve-shirtstar-starwhite-white-hero-front
Women's Nicholson Premium Poplin Short Sleeve Shirt,womens-nicholson-premium-poplin-short-sleeve-shirt,1520WS,1520ws-garment-catalogue-shots-a-smiling-woman-with-dark-curly-hair-wears-a-eo0jkkye
Premium Poplin 3/4 Sleeve Shirt,premium-poplin-3-4-sleeve-shirt,1520WZ,1520wz-1520wz-premium-poplin-34-sleeve-shirt-star-white-hero-front
Snowy Men's Vests,snowy-mens-vests,1523,1523-1523-snowy-mens-vests-navy-hero-front
Selwyn Men's Vest,selwyn-mens-vest,1529,1529-1529-selwyn-mens-vest-hero-front
Men's Westgarth Gingham Long Sleeve Slim Fit Shirt,mens-westgarth-gingham-long-sleeve-slim-fit-shirt,1637HL,1637hl-1637hl-westgarth-gingham-long-sleeve-slim-fit-shirt-hero-front
Men's Westgarth Gingham Long Sleeve Shirt,mens-westgarth-gingham-long-sleeve-shirt,1637L,1637l-1637l-westgarth-gingham-long-sleeve-shirt-hero-front
Men's Westgarth Gingham Short Sleeve Shirt,mens-westgarth-gingham-short-sleeve-shirt,1637S,1637s-1637s-westgarth-gingham-short-sleeve-shirt-hero-front
Women's Westgarth Gingham Long Sleeve Slim Fit Shirt,womens-westgarth-gingham-long-sleeve-slim-fit-shirt,1637WHL,1637whl-1637whl-womens-westgarth-gingham-long-sleeve-slim-fit-shirt-navy-hero-front
Westgarth Gingham Long Sleeve Slim Fit Shirt,westgarth-gingham-long-sleeve-slim-fit-shirt,1637WL,1637wl-1637wl-westgarth-gingham-long-sleeve-slim-fit-shirt-sky-hero-front
Women's Westgarth Gingham Short Sleeve Shirt,womens-westgarth-gingham-short-sleeve-shirt,1637WS,1637ws-1637ws-westgarth-gingham-short-sleeve-shirt-hero-front
Westgarth Gingham 3/4 Sleeve Shirt,westgarth-gingham-3-4-sleeve-shirt,1637WZ,1637wz-1637wz-westgarth-gingham-3-4-sleeve-shirt-hero-front
Balmoral Royal Oxford Shirt,balmoral-royal-oxford-shirt,1701WL,1701wl-1701wl-balmoral-royal-oxfor-shirt-hero-front
Royal Oxford 3/4 Sleeve Shirt,royal-oxford-3-4-sleeve-shirt,1710WL,1710wl-1710wl-degraves-royal-oxford-3-4-sleeve-shirt-hero-front
Men's Washable Pant,mens-washable-pant,1722MT,1722mt-1722mt-mens-washable-pant-hero-front
Women's Washable Pencil Skirt,womens-washable-pencil-skirt,1724WSK,1724wsk-1724wsk-womens-washable-pencil-skirt-navy-hero-front
Women's Washable 'A' Line Skirt,womens-washable-a-line-skirt,1725WSK,1725wsk-1725wsk-womens-washable-a-line-skirt-hero-front
Men's Washable Jacket,mens-washable-jacket,1728MJ,1728mj-1728mj-mens-washable-jacket-hero-front
Women's Washable Slim Leg Pant,womens-washable-slim-leg-pant,1762WT,1762wt-1762wt-womens-washable-slim-leg-pant-navy-hero-front
Women's Washable One Button Jacket,womens-washable-one-button-jacket,1765WJ,1765wj-1765wj-womens-washable-one-button-jacket-hero-front
Freya Shirred Cuff Soft Top,freya-shirred-cuff-soft-top,1796WL,1796wl-1796wl-freya-shirred-cuff-soft-top-hero-front
Quinn Top,quinn-top,1797WL,1797wl-1797wl-quinn-top-ivory-back-hero-front
Taylor Top,taylor-top,1798WS,1798ws-1798ws-taylor-top-ivory-hero-front
Lola 3/4 Sleeve Shirred Cuff Top,lola-3-4-sleeve-shirred-cuff-top,1799WZ,1799wz-1799wz-lola-3-4-sleeve-shirred-cuff-top-ivory-hero-front
Ladies Reese V Neck Top,ladies-reese-v-neck-top,1800WZ,1800wz-1800wz-ladies-reese-v-neck-top-ivory-hero-front
Cleo V Neck Shirred Cuff Top,cleo-v-neck-shirred-cuff-top,1803WZ,1803wz-1803wz-cleo-v-neck-shirred-cuff-top-ivory-hero-front
Marni 1/2 Placket Top,marni-1-2-placket-top,1805WL,1805wl-1805wl-marni-1-2-placket-top-navy-hero-front
Poppy Puff Sleeve Top,poppy-puff-sleeve-top,1807WS,1807ws-1807ws-poppy-puff-sleeve-top-navy-hero-front
Bradford Fine Oxford Long Sleeve Shirt,bradford-fine-oxford-long-sleeve-shirt,1898L,1898l-1898l-bradford-fine-oxford-long-sleeve-shirt-white-hero-front
Bradford Women's Fine Oxford Long Sleeve Shirt,bradford-womens-fine-oxford-long-sleeve-shirt,1899WL,1899wl-1899wl-bradford-womens-fine-oxford-long-sleeve-shirt-white-hero-front
Women's Multi-Pleat Skirt,womens-multi-pleat-skirt,20115,20115-20115-womens-multi-pleat-skirt-navy-hero-front
Women's Bandless Pencil Skirt,womens-bandless-pencil-skirt,20717,20717-20717-siena-womens-bandless-pencil-skirt-hero-front
Women's Front Pleat Detail Straight Skirt,womens-front-pleat-detail-straight-skirt,20720,20720-20720-womens-front-pleat-detail-straight-skirt-marine-hero-front
210 Polo,210-polo,210,210-210-polo-white-hero-front
Olsen Cotton Stretch Shirt- Slim Fit,olsen-cotton-stretch-shirt-slim-fit,2102L,2102l-2102l-olsen-cotton-stretch-shirt-hero-front
Ladies Ashton Cotton Oxford Shirt,ladies-ashton-cotton-oxford-shirt,2103WL,2103wl-2103wl-ashton-cotton-oxford-shirt-hero-front
L/S 210 Polo,l-s-210-polo,210XL,210xl-210xl-ls-210-polo-black-hero-front
Silvertech Polo - Ladies,silvertech-polo-ladies,2151,2151-2151-silvertech-polo-ladies-white-silver-hero-front
Ezylin Tunic,ezylin-tunic,2151CC,2151cc-2151-ezylin-tunic-hero-front
City Stretch® Spot Tunic,city-stretch-spot-tunic,2174,2174-2174-city-stretch-spot-tunic-hero-front
Petal Print Top,petal-print-top,2277,2277-2277-petal-print-top-navy-white-hero-front
4 Way Stretch Tunic,4-way-stretch-tunic,2280,2280-2280-4-way-stretch-tunic-heo-front
Heart Print Tunic,heart-print-tunic,2281,2281-2281-heart-print-tunic-hero-front
Zip Back Tunic,zip-back-tunic,2284,2284-2284-zip-back-tunic-hero-front
Smart Knit 3/4,smart-knit-3-4,2290,2290-2290-smart-knit-3-4-navy-hero-front
Smart Knit Top,smart-knit-top,2291,2291-2291-smart-knit-top-navy-hero-front
Keira Ladies' Polos,keira-ladies-polos,2306,2306-2306-keira-ladies-polos-white-hero-front
Elastic Sided Boot,elastic-sided-boot,240,240-240-elastic-sided-boot-blackbrown
Selwyn Lady Jacket,selwyn-lady-jacket,2512,2512-2512-selwyn-lady-jackets-hero-front
Ladies Olympus Soft Shell Jacket,ladies-olympus-soft-shell-jacket,2513,2513-2513-ladies-olympus-soft-shell-jacket-black-hero-front
SNOWY LADY VESTS,snowy-lady-vests,2523,2523-2523-snowy-lady-vests-navy-hero-front
Men's Zipsider Boot,mens-zipsider-boot,261,261-261-mens-zipsider-boot-black
Ladies Contrast Polo,ladies-contrast-polo,2LCP,2lcp-2lcp-ladies-contrast-polo-navy-white-hero-front
Ladies 210 Polo,ladies-210-polo,2LPS,2lps-2lps-ladies-210-polo-white-hero-front
Men's Black Lace Up Derby Shoe,mens-black-lace-up-derby-shoe,34652,34652-34652-mens-black-lace-up-derby-shoe-2
Canvas Hat,canvas-hat,3791,3791-3791-canvas-hat-natural-png
Trucker Mesh Cap,trucker-mesh-cap,3803,3803-3803-trucker-mesh-cap-black-hero-front
Recycled Breathable Poly Twill Cap,recycled-breathable-poly-twill-cap,3980,3980-3980-recycled-breathable-poly-twill-cap-front
Organic Brushed Heavy Cotton/Mesh Back Cap,organic-brushed-heavy-cotton-mesh-back-cap,3987,3987-3987-organic-brushed-heavy-cotton-mesh-black
Maple Organic Tee,maple-organic-tee,4001G,4001g-4001g-maple-organic-tee-white-hero-front
Women's Maple Tee,womens-maple-tee,4001W,4001w-4001w-womens-maple-tee-white-hero-back
Womens Hudson L/S Shirt,womens-hudson-l-s-shirt,40310,40310-40310-hudson-womens-long-sleeve-shirt-hero-front
Mens Hudson L/S Shirt,mens-hudson-l-s-shirt,40320,40320-40320-hudson-mens-long-sleeve-shirt-hero-front
Wo's Maple Stripe Tee,wos-maple-stripe-tee,4037,4037-4037-wos-maple-stripe-tee-navy-white-hero-front
Mesh Sports Cap,mesh-sports-cap,4058,4058-4058-mesh-sports-cap-royal-side-hero-front
Wo's Classic L/S Tee,wos-classic-l-s-tee,4073,4073-4073-wos-classic-ls-tee-white-hero-front
Heavy Brushed Cotton Cap,heavy-brushed-cotton-cap,4171,4171-4171-heavy-brushed-cotton-cap-navy-front-hero-back
Surf Hat,surf-hat,4287,4287-4287-surf-hat-black-hero-front
Springfield Womens 3/4 Sleeve Shirt,springfield-womens-3-4-sleeve-shirt,43411,43411-43411-springfield-womens-3-4-sleeve-shirt-hero-front
Premium Elastic Sided Boot W/ Scuff Cap,premium-elastic-sided-boot-w-scuff-cap,440,440-440-premium-elastic-sided-boot-w-scuff-cap
Men's Brown Elastic Sided Boot,mens-brown-elastic-sided-boot,45627,45627-45627-mens-brown-elastic-sided-boots-2
Women's Wheat Zip Sided Boot,womens-wheat-zip-sided-boot,49-432Z,49-432z-49-432z-womens-wheat-zip-sided-boot-front
Slip On Shoe,slip-on-shoe,49430,49430-49430-slip-on-shoes-black
Women's Black Zip Sided Boot,womens-black-zip-sided-boot,49445Z,49445z-49445z-womens-black-zip-sided-boot-2
Women’s Stone Zip Sided Low-Cut Boot,womens-stone-zip-sided-low-cut-boot,49450Z,49450z-49450z-womens-stone-zip-sided-low-cut-boot-2-1
Men's Staple Tee,mens-staple-tee,5001,5001-5001-mens-staple-tee-light-grey-hero-front
Men's Staple Organic Tee,mens-staple-organic-tee,5001G,5001g-5001g-mens-staple-organic-tee-grey-marle-hero-front
Men's Classic Tee,mens-classic-tee,5026,5026-5026-mens-classic-tee-white-hero-front
Men's Plus Tee,mens-plus-tee,5038,5038-5038-mens-plus-tee-grey-marle-hero-front
Men's Classic Stripe Tee,mens-classic-stripe-tee,5044,5044-5044-mens-classic-stripe-tee-black-white-hero-front
Men's Block Tee,mens-block-tee,5050,5050-5050-block-tee-black-hero-front
Men's State Tee,mens-state-tee,5052,5052-5052-mens-state-tee-white-hero-front
Men's Ringer Tee,mens-ringer-tee,5053,5053-5053-mens-ringer-tee-white-black-hero-front
Classic L/S Tee,classic-l-s-tee,5071,5071-5071-classic-ls-tee-white-hero-front
Urban Sports Backpack,urban-sports-backpack,5198,5198-5198-urban-sports-backpack-black
Waist Canvas Apron-Including Strap,waist-canvas-apron-including-strap,5ACW,5acw-5acw-waist-canvas-apron-including-strap-latte-front
Chefs Cap,chefs-cap,5FC,5fc-5fc-chefs-cap-white-hero-front
Siena Women's Longline Jacket,siena-womens-longline-jacket,60717,60717-60717-siena-womens-longline-jacket-hero-front
Siena Women's Mid Length Jacket,siena-womens-mid-length-jacket,60719,60719-60719-siena-womens-mid-length-jacket-marine-hero-front
Women's Tornado,womens-tornado,630797W,630797w-630797w-womens-tornado-black
L/S 190g Shirt With 3m Tape,l-s-190g-shirt-with-3m-tape,6HDNL,6hdnl-6hdnl-long-sleeve-190g-shirt-with-3m-tape-hero-front
Fluro Vest,fluro-vest,6HFV,6hfv-6hfv-fluro-vest-hero-front
Hi Vis Safety Vest,hi-vis-safety-vest,6HVSV,6hvsv-6hvsv-hi-vis-safety-vest-hero-front
Mens Siena Slim Fit Flat Front Pant (Regular),mens-siena-slim-fit-flat-front-pant-regular,70716R,70716r-70716r-siena-mens-slim-fit-flat-front-pant-hero-front
Nomad Dad Hat,nomad-dad-hat,7100,7100-7100-nomad-dad-black-hat-hero-front
Men's Siena 2 Button Jacket,mens-siena-2-button-jacket,80717,80717-80717-siena-mens-2-button-jacket-hero-front
Bib Apron - A03,bib-apron-a03,A03,a03-a03-bib-apron-black-hero-front
English Chef Apron,english-chef-apron,A100,a100-a100-english-chef-apron-black-white-chalk-stripe-hero-front
Dad Hat,dad-hat,A1000,a1000-a1000-dad-hat-black-hero-front
Louie Apron,louie-apron,A27,a27-a27-louie-apron-black-hero-front
Alfie Bib Apron,alfie-bib-apron,A30,a30-a30-alfie-bib-apron-hero-front
Colby Waist Apron,colby-waist-apron,A31,a31-a31-colby-waist-apron-hero-front
Capri Waist Apron,capri-waist-apron,A33,a33-a33-capri-waist-apron-black-hero-front
Lockharte Bib Apron,lockharte-bib-apron,AB802,ab802-ab802-lockharte-bib-apron-hero-front
Berkeley Chefs Bib Apron,berkeley-chefs-bib-apron,ACS01,acs01-acs01-berkeley-chefs-bib-apron-black-hero-front
Pet/Cotton Sandwich Cap,pet-cotton-sandwich-cap,AH126,ah126-ah126-pet-cotton-sandwich-cap-black-white-hero-front
Organic Cotton Sandwich Cap,organic-cotton-sandwich-cap,AH127,ah127-ah127-organic-cotton-sandwich-cap-black-white-hero-front
Premium Rpet Cap,premium-rpet-cap,AH255,ah255-ah255-premium-rpet-cap-navy-hero-front
Premium Rpet Bucket Hat,premium-rpet-bucket-hat,AH655,ah655-ah655-premium-rpet-bucket-hat-black-hero-front
Barley Apron,barley-apron,BA35,ba35-ba35-barley-apron-hero-front
Clout Apron,clout-apron,BA40,ba40-ba40-clout-apron-black-hero-front
Urban 1/2 Waist Apron,urban-1-2-waist-apron,BA54,ba54-ba54-urban-waist-apron-hero-front
Urban Bib Apron,urban-bib-apron,BA55,ba55-ba55-urban-bib-apron-black-hero-front
Unisex Salt Bib Apron,unisex-salt-bib-apron,BA75,ba75-ba75-unisex-salt-bib-apron-charcoal-white-hero-front
Short Waisted Apron,short-waisted-apron,BA94,ba94-ba94-short-waisted-apron-black-hero-front
Women's Slimline Belt,womens-slimline-belt,BB10929,bb10929-bb10929-slimline-womens-belt-hero-front
Men's Standard Belt,mens-standard-belt,BB248M,bb248m-bb248m-mens-standard-belt
Women's Soft Stretch Pant,womens-soft-stretch-pant,BB2606L,bb2606l-bb2606l-womens-soft-stretch-pant-hero-front
Womens Grace T-Shirt Midi Dress,womens-grace-t-shirt-midi-dress,BBS2605L,bbs2605l-bbs2605l-womens-grace-t-shirt-midi-dress-hero-front
Springfield Chef Jacket,springfield-chef-jacket,BCSZ009,bcsz009-bcsz009-springfield-chef-jacket-grey-hero-front
Women's Tailor Jacket,womens-tailor-jacket,BJ2602L,bj2602l-bj2602l-tailor-womens-jacket-black-hero-front
Men's Tailor Jacket,mens-tailor-jacket,BJ2602M,bj2602m-bj2602m-tailor-mens-jacket-hero-front
Phoenix Women's Short Sleeve Polo,phoenix-womens-short-sleeve-polo,BP2610LS,bp2610ls-bp2610ls-phoenix-womens-short-sleeve-polo-charcoal-marle-hero-front
Men's Phoenix Short Sleeve Polo,mens-phoenix-short-sleeve-polo,BP2610MS,bp2610ms-bp2610ms-mens-phoenix-short-sleeve-polo-charcoal-marle-hero-front
Women's Venture Short Sleeve Polo,womens-venture-short-sleeve-polo,BP2616LS,bp2616ls-bp2616ls-womens-venture-short-sleeve-polo-denim-blue-hero-front
Men's Venture Short Sleeve Polo,mens-venture-short-sleeve-polo,BP2616MS,bp2616ms-bp2616ms-mens-venture-short-sleeve-polo-denim-blue-hero-front
Stretch Cotton Drill Cargo Pants,stretch-cotton-drill-cargo-pants,BPC6008,bpc6008-bpc6008-stretch-cotton-drill-cargo-pants-hero-front
Recycle Taped Biomotion Cargo Work Pant,recycle-taped-biomotion-cargo-work-pant,BPC6088T,bpc6088t-bpc6088t-recycle-taped-biomotion-cargo-work-pant-hero-front
Flx And Move™ Taped Stretch Cargo Cuffed Pants,flx-and-move-taped-stretch-cargo-cuffed-pants,BPC6334T,bpc6334t-bpc6334t-flx-and-move-taped-stretch-cargo-cuffed-pants-hero-front
Bellroy Classic Daypack,bellroy-classic-daypack,BR1013,br1013-br1013-bellroy-classic-daypack
A Bright Future Essence Polo Shirt,a-bright-future-essence-polo-shirt,BRIGHT-YARN,bright-yarn-bright-yarn-a-bright-future-essence-polo-shirt-hero-front
Unisex -A Bright Future Essence Polo Shirt,unisex-a-bright-future-essence-polo-shirt,BRIGHT-YARN-UNISEX,bright-yarn-unisex-bright-yarn-unisex-a-bright-future-essence-polo-shirt-hero-front
Lawson Ladies Chino Short,lawson-ladies-chino-short,BS021L,bs021l-bs021l-lawson-ladies-chino-short-asian-navy-hero-front
Lawson Ladies Chino Skirt,lawson-ladies-chino-skirt,BS022L,bs022l-bs022l-lawson-ladies-chino-skirt-grey-hero-front
Ladies Bella Pant,ladies-bella-pant,BS125L,bs125l-bs125l-bella-womens-pant-hero-front
Taped Hi Vis Cool Lightweight S/S Shirt,taped-hi-vis-cool-lightweight-s-s-shirt,BS1896,bs1896-bs1896-taped-hi-vis-cool-lightweight-short-sleeve-shirt-hero-front
Women's Venture Pant,womens-venture-pant,BS423L,bs423l-bs423l-womens-venture-pant-black-hero-front
Bisley Recycle X Taped Hi Vis Drill Shirt,bisley-recycle-x-taped-hi-vis-drill-shirt,BS6266XT,bs6266xt-bs6266xt-bisley-recycle-x-taped-hi-vis-drill-shirt-hero-front
Taped Hi Vis Cool Lightweight Shirt,taped-hi-vis-cool-lightweight-shirt,BS6896,bs6896-bs6896-taped-hi-vis-cool-lightweight-shirt-hero-front
Ladies Lawson Chino Pant,ladies-lawson-chino-pant,BS724L,bs724l-bs724l-ladies-lawson-chino-pant-black-asian-hero-front
Men's Lawson Chino Pant,mens-lawson-chino-pant,BS724M,bs724m-bs724m-mens-lawson-chino-pant-african-black-hero-front
Ladies Bianca Jacket,ladies-bianca-jacket,BS732L,bs732l-bs732l-bianca-womens-jacket-navy-hero-front-2
Ladies Remy Pant,ladies-remy-pant,BS909L,bs909l-bs909l-ladies-remy-pant-navy-hero-front-jpg
So Ezy Pant,so-ezy-pant,CA3PSO,ca3pso-ca3pso-ezy-pant-navy-hero-front
City Active Pant,city-active-pant,CA4P,ca4p-ca4p-city-active-charcoal-african-hero-front
City Active Top,city-active-top,CA4T,ca4t-ca4t-city-active-top-charcoal-hero-front
Nepal Chef Jacket,nepal-chef-jacket,CBZ02,cbz02-cbz02-nepal-chef-jacket-ocean-blue-hero-front
Al Dente Men's Chef Jacket,al-dente-mens-chef-jacket,CH230ML,ch230ml-ch230ml-biz-al-dente-mens-chef-jacket-black-hero-front
Zest Women's Chef Jacket,zest-womens-chef-jacket,CH232LS,ch232ls-ch232ls-zest-womens-chef-jacket-white-hero-front
Zest Men's L/S Chef Jacket,zest-mens-l-s-chef-jacket,CH232ML,ch232ml-ch232ml-zest-mens-ls-chef-jacket-white-hero-front
Zest Men's S/S Chef Jacket,zest-mens-s-s-chef-jacket,CH232MS,ch232ms-ch232ms-zest-mens-ss-chef-jacket-black-hero-front
Men's Alfresco Short Sleeve Chef Jacket,mens-alfresco-short-sleeve-chef-jacket,CH330MS,ch330ms-ch330ms-mens-alfresco-short-sleeve-chef-jacket-grey-hero-front
Mesh Flat Top Hat,mesh-flat-top-hat,CH333,ch333-ch333-mesh-flat-top-hat-black-hero
Women's Saffron Chef Flex Pant,womens-saffron-chef-flex-pant,CH432L,ch432l-ch432l-womens-saffron-chef-flex-pant-black-hero-front
Men's Saffron Chef Flex Pant,mens-saffron-chef-flex-pant,CH432M,ch432m-ch432m-mens-saffron-chef-flex-pant-black-hero-front
Women's Zip Front Short Sleeve Knit Cardigan,womens-zip-front-short-sleeve-knit-cardigan,CK962LC,ck962lc-ck962lc-zip-front-womens-short-sleeve-knit-cardigan-hero-front
Jane 3/4 Length Stretch Pant,jane-3-4-length-stretch-pant,CL040LL,cl040ll-cl040ll-jane-3-4-length-pant-hero-front
Women's Pulse Jogger Scrub Pant,womens-pulse-jogger-scrub-pant,CL541LL,cl541ll-cl541ll-womens-pulse-jogger-scrub-pant-hero-front
Unisex Pulse Straight Leg Scrub Pant,unisex-pulse-straight-leg-scrub-pant,CL542UL,cl542ul-cl542ul-unisex-pulse-straight-leg-scrub-pant-hero-front
Women's Comfort Waist Cargo Pant,womens-comfort-waist-cargo-pant,CL954LL,cl954ll-cl954ll-womens-comfort-waist-cargo-pant-black-asian-hero-front
Women's Comfort Waist Straight Leg Pant,womens-comfort-waist-straight-leg-pant,CL955LL,cl955ll-cl955ll-women-comfort-waist-straight-leg-pant-hero-front
Women's Comfort Waist Cargo Skirt,womens-comfort-waist-cargo-skirt,CL956LS,cl956ls-cl956ls-womens-comfort-waist-cargo-skirt-navy-hero-front
Women's Comfort Waist Cargo Short,womens-comfort-waist-cargo-short,CL957LS,cl957ls-cl957ls-womens-comfort-waist-cargo-short-charcoal-african-hero-front
Men's Comfort Waist Flat Front Pant,mens-comfort-waist-flat-front-pant,CL958ML,cl958ml-cl958ml-mens-comfort-waist-flat-front-pant-hero-front
Men's Comfort Waist Cargo Pant,mens-comfort-waist-cargo-pant,CL959ML,cl959ml-cl959ml-mens-comfort-waist-cargo-pant-black-asian-hero-front
Men's Comfort Waist Cargo Short,mens-comfort-waist-cargo-short,CL960MS,cl960ms-cl960ms-comfort-waist-mens-cargo-short-hero-front
Nova Women's Knit Jacket,nova-womens-knit-jacket,CO342LJ,co342lj-co342lj-nova-womens-zip-front-jumper-black-marle-hero-front
Nova Men's Knit Jacket,nova-mens-knit-jacket,CO342MJ,co342mj-co342mj-nova-mens-knit-jacket-black-marle-back-hero-front
Nova Men's Knit Vest,nova-mens-knit-vest,CO343MV,co343mv-co343mv-nova-mens-knit-vest-navy-marle-hero-front
Women's Florence Stardust Print Tunic,womens-florence-stardust-print-tunic,CS450LS,cs450ls-cs450ls-womens-florence-stardust-print-tunic-hero-front
Women's Florence Daisy Print Short Sleeve Shirt,womens-florence-daisy-print-short-sleeve-shirt,CS948LS,cs948ls-cs948ls-florence-womens-daisy-print-s-s-shirt-hero-front
Ladies Florence Tunic,ladies-florence-tunic,CS949LS,cs949ls-cs949ls-ladies-florence-tunic-hero-front
Women's Florence Daisy Print Tunic,womens-florence-daisy-print-tunic,CS950LS,cs950ls-cs950ls-womens-florence-daisy-print-tunic-hero-front
Women's Marley Jersey T-Top,womens-marley-jersey-t-top,CS952LS,cs952ls-cs952ls-womens-marley-jersey-t-top-charcoal-hero-front
Women's Riley Slim Leg Jogger Scrub Pant,womens-riley-slim-leg-jogger-scrub-pant,CSP042LL,csp042ll-csp042ll-womens-riley-slim-leg-jogger-scrub-pant-hero-front
Men's Riley Slim Leg Jogger Scrub Pant,mens-riley-slim-leg-jogger-scrub-pant,CSP042ML,csp042ml-csp042ml-mens-riley-slim-leg-jogger-scrub-pant-midnightnavy-hero-front
Women's Riley Straight Leg Scrub Pant,womens-riley-straight-leg-scrub-pant,CSP047LL,csp047ll-csp047ll-womens-riley-straight-leg-scrub-pant-electricblue-hero-front
Men's Riley Straight Scrub Pant,mens-riley-straight-scrub-pant,CSP047ML,csp047ml-csp047ml-mens-riley-straight-scrub-pant-hero-front
Women's Pink Jogger Scrub Pant,womens-pink-jogger-scrub-pant,CSP241LL,csp241ll-csp241ll-womens-pink-jogger-scrub-pant-hero-front
Women's Avery Multi-Pocket Straight Leg Pant,womens-avery-multi-pocket-straight-leg-pant,CSP944LL,csp944ll-csp944ll-womens-avery-multi-pocket-straight-leg-pant-hero-front
Women's Riley V-Neck Scrub Top,womens-riley-v-neck-scrub-top,CST043LS,cst043ls-cst043ls-womens-riley-v-neck-scrub-top-midnightnavy-hero-front
Men's Riley V-Neck Scrub Top,mens-riley-v-neck-scrub-top,CST043MS,cst043ms-cst043ms-mens-riley-v-neck-scrub-top-electricblue-hero-front
Women's Tokyo Scrub Top,womens-tokyo-scrub-top,CST141LS,cst141ls-cst141ls-womens-tokyo-scrub-top-hero-front
Men's Tokyo Scrub Top,mens-tokyo-scrub-top,CST141MS,cst141ms-cst141ms-mens-tokyo-scrub-top-hero-front
Women's Pink V-Neck Scrub Top,womens-pink-v-neck-scrub-top,CST245LS,cst245ls-cst245ls-womens-pink-v-neck-scrub-top-hero-front
Women's Pulse V-Neck Scrub Top,womens-pulse-v-neck-scrub-top,CU543LS,cu543ls-cu543ls-womens-pulse-v-neck-scrub-top-hero-front
Unisex Pulse V-Neck Scrub Top,unisex-pulse-v-neck-scrub-top,CU544US,cu544us-cu544us-unisex-pulse-v-neck-scrub-top-hero-front
ECO NOVA Computer Backpack,eco-nova-computer-backpack,D605.R,d605-r-d605-r-eco-nova-computer-backpack-back
"Darani 15"" 19L Computer Backpack In Repreve Recycled Material",darani-15-19l-computer-backpack-in-repreve-recycled-material,DA1003,da1003-da1003-darani-1519l-computer-backpack-in-repreve-recycled-material-charcoal
"Darani GRS Recycled Canvas Anti-Theft 15"" 21L Laptop Backpack",darani-grs-recycled-canvas-anti-theft-15-21l-laptop-backpack,DA1007,da1007-da1007-darani-grs-recycled-canvas-anti-theft-15-21l-laptop-backpack-black
Bloa Pen,bloa-pen,F501,f501-f501-bloa-pen
Unisex - Family Black Bamboo (Simpson) Polo Shirt,unisex-family-black-bamboo-simpson-polo-shirt,FAMILY-YARN-UNISEX,family-yarn-unisex-family-yarn-unisex-family-black-bamboo-simpson-polo-shirt-hero-front
Unisex - Future Dreaming Essence Polo Shirt,unisex-future-dreaming-essence-polo-shirt,FUTURE-YARN-UNISEX,future-yarn-unisex-future-yarn-unisex-future-dreaming-essence-polo-shirt-hero-front
Unisex - Guiding Light Black Bamboo (Simpson) Polo Shirt,unisex-guiding-light-black-bamboo-simpson-polo-shirt,GUIDING-YARN-UNISEX,guiding-yarn-unisex-guiding-yarn-unisex-guiding-light-black-bamboo-simpson-polo-shirt-hero-front
Slouch Hat With Break-Away Clip Strap,slouch-hat-with-break-away-clip-strap,H1026,h1026-h1026-slouch-hat-with-break-away-clip-strap-black-hero-front
Bamboo Cap,bamboo-cap,IV170,iv170-iv170-bamboo-cap-black-front-hero-back
Alpine Ladies Puffer Vest,alpine-ladies-puffer-vest,J211L,j211l-j211l-alpine-ladies-puffer-vest-navy-hero-front
Alpine Men's Puffer Vest,alpine-mens-puffer-vest,J211M,j211m-j211m-alpine-mens-puffer-vest-black-hero-front
Alpine Ladies Puffer Jacket,alpine-ladies-puffer-jacket,J212L,j212l-j212l-alpine-ladies-puffer-jacket-black-hero-front
Alpine Men's Puffer Jacket,alpine-mens-puffer-jacket,J212M,j212m-j212m-alpine-mens-jacket-hero-front
Expedition Men's Vest,expedition-mens-vest,J213M,j213m-j213m-expedition-mens-vest-black-hero-front
Ladies Geneva Jacket,ladies-geneva-jacket,J307L,j307l-j307l-geneva-womens-jacket-black-cyan-african-hero-front
Men's Soft Shell Vest,mens-soft-shell-vest,J3881,j3881-j3881-mens-soft-shell-vest-black-hero-front
Ladies Geneva Vest,ladies-geneva-vest,J404L,j404l-j404l-ladies-geneva-vest-navy-graphite-hero-front
Unisex Sphere Jacket,unisex-sphere-jacket,J428U,j428u-j428u-sphere-unisex-jacket-black-hero-front
Men's Atlas Jacket,mens-atlas-jacket,J502M,j502m-j502m-atlas-mens-jacket-navy-hero-front
Unisex Charger Jacket,unisex-charger-jacket,J510M,j510m-j510m-charger-unisex-jacket-black-fluoro-orange-grey-african-hero-front
Ladies Apex Lightweight Softshell Jacket,ladies-apex-lightweight-softshell-jacket,J740L,j740l-j740l-apex-womens-jacket-navy-hero-front
Men's Apex Lightweight Softshell Jacket,mens-apex-lightweight-softshell-jacket,J740M,j740m-j740m-mens-apex-lightweight-softshell-jacket-black-asian-hero-front
Ladies Expedition Quilted Jacket,ladies-expedition-quilted-jacket,J750L,j750l-j750l-ladies-expedition-quilted-jacket-navy-hero-front
Men's Expedition Quilted Jacket,mens-expedition-quilted-jacket,J750M,j750m-j750m-expedition-mens-jacket-black-hero-front
Ladies Apex Vest,ladies-apex-vest,J830L,j830l-j830l-ladies-apex-vest-navy-hero-front
Arches Women's Padded Jacket,arches-womens-padded-jacket,JH130W,jh130w-jh130w-arches-womens-padded-jacket-hero-front
Arches Men's Padded Vest,arches-mens-padded-vest,JH135,jh135-jh135-arches-mens-padded-vest-hero-front
MEN'S_SUSTAINABLE_SOFTSHELL_CORPORATE_JACKET,mens-sustainable-softshell-corporate-jacket,JK63,jk63-jk63-mens-sustainable-softshell-corporate-jacket-black-hero-front
Montreal Cool Vent Chef Jacket,montreal-cool-vent-chef-jacket,JLCV,jlcv-jlcv-montreal-cool-vent-chef-jacket-white-hero-front
Unisex - Knowledge Holders Black Bamboo (Simpson) Polo Shirt,unisex-knowledge-holders-black-bamboo-simpson-polo-shirt,KNOWLEDGE-YARN-UNISEX,knowledge-yarn-unisex-knowledge-yarn-unisex-knowledge-holders-black-bamboo-simpson-polo-shirt-hero-front
Ladies Plain Oasis 3/4 Sleeve Shirt,ladies-plain-oasis-3-4-sleeve-shirt,LB3600,lb3600-lb3600-womens-oasis-3-4-sleeve-shirt-hero-front
Ladies Plain Oasis Short Sleeve Shirt,ladies-plain-oasis-short-sleeve-shirt,LB3601,lb3601-lb3601-ladies-plain-oasis-short-sleeve-shirt-white-hero-front
Unisex - Legacy Polo Shirt,unisex-legacy-polo-shirt,LEGACY-YARN-UNISEX,legacy-yarn-unisex-legacy-yarn-unisex-legacy-polo-shirt-hero-front
Arc Eco Square Wireless Charger,arc-eco-square-wireless-charger,LL0226,ll0226-ll0226-arc-eco-square-wireless-charger
Vienna Coffee Cup / Silicone Lid,vienna-coffee-cup-silicone-lid,LL0427,ll0427-ll0427-vienna-coffe-cup-silicone-lid
Vienna Coffee Cup / Snap Lid / Cork Band,vienna-coffee-cup-snap-lid-cork-band,LL0461,ll0461-ll0461-vienna-coffe-cup-all-color
Tourist A5 Notebook,tourist-a5-notebook,LL0944,ll0944-ll0944-tourist-a5-notebook
Stone Paper Notebook,stone-paper-notebook,LL9753,ll9753-ll9753-stone-paper-notebook
Amazon Bamboo Notebook,amazon-bamboo-notebook,LL9757,ll9757-ll9757-amazon-bamboo-notebook-brown
Ladies Milano Vest,ladies-milano-vest,LV619L,lv619l-lv619l-ladies-milano-vest-navy-hero-front
Men's V-Neck Contrast Trim Scrub Top,mens-v-neck-contrast-trim-scrub-top,M7650,m7650-m7650-mens-v-neck-contrast-trim-scrub-top-hero-front
Ladies Scrub V-Neck Contrast Trim Top,ladies-scrub-v-neck-contrast-trim-top,M7660,m7660-m7660-ladies-scrub-v-neck-contrast-trim-top-hero-front
Men's Boston Chino,mens-boston-chino,M9380,m9380-m9380-mens-boston-chino-black-asian-hero-front
Men's Stretch Slimfit Boston Chino Shorts,mens-stretch-slimfit-boston-chino-shorts,M9381,m9381-m9381-mens-stretch-slimfit-boston-chino-shorts-navy-hero-front
Ladies Boston Chino,ladies-boston-chino,M9390,m9390-m9390-ladies-boston-chino-black-hero-front
Ladies Stretch Slimfit Boston Chino Shorts,ladies-stretch-slimfit-boston-chino-shorts,M9391,m9391-m9391-ladies-stretch-slimfit-boston-chino-shorts-black-hero-front
Standard Jeans MENS R Jean,standard-jeans-mens-r-jean,MJ365,mj365-mj365-mens-r-jean-hero-front
Unisex - Mountains White Bamboo (Simpson) Polo Shirt,unisex-mountains-white-bamboo-simpson-polo-shirt,MOUNTAINS-YARN-UNISEX,mountains-yarn-unisex-mountains-yarn-unisex-mountains-white-bamboo-simpson-polo-shirt-hero-front
The Gravity 3+1 Metal Pen,the-gravity-3-1-metal-pen,P093,p093-p093-the-gravity-3-1-metal-pen
City Womens Short Sleeve Polo,city-womens-short-sleeve-polo,P105LS,p105ls-p105ms-ladies-city-polo-white-back-hero-front
City Mens Short Sleeve Polo,city-mens-short-sleeve-polo,P105MS,p105ms-p105ms-mens-city-polo-white-hero-front
Ladies Ice Polo,ladies-ice-polo,P112LS,p112ls-p112ls-ice-womens-short-sleeve-polo-hero-front
Men's Ice Polo,mens-ice-polo,P112MS,p112ms-p112ms-mens-ice-polo-black-hero-front
Tirana Pen,tirana-pen,P129,p129-p129-tirana-pen-allcolour
The Heritage Wooden + Metal Ball Pen,the-heritage-wooden-metal-ball-pen,P131,p131-p131-the-heritage-wooden-metal-ball-pen-black
Ladies Cambridge Polo,ladies-cambridge-polo,P227LS,p227ls-p227ls-ladies-cambridge-polo-black-red-white-hero-front
Cambridge Men's Short Sleeve Polo,cambridge-mens-short-sleeve-polo,P227MS,p227ms-garment-catalogue-images-1-cckzti-resizedpng-gjujgpjq
Paper Pen,paper-pen,P381,p381-p381-paper-pen-black
Crew Ladies L/S Polo,crew-ladies-l-s-polo,P400LL,p400ll-p400ll-crew-ladies-ls-polo-charcoal-hero-front
Ladies Crew Polo,ladies-crew-polo,P400LS,p400ls-p400ls-ladies-crew-polo-white-hero-front
Crew Men's L/S Polo,crew-mens-l-s-polo,P400ML,p400ml-p400ml-crew-mens-ls-polo-charcoal-hero-front
Men's Crew Polo,mens-crew-polo,P400MS,p400ms-p400ms-mens-crew-polo-white-hero-front
Womens Lotus Short Sleeve Polo,womens-lotus-short-sleeve-polo,P515LS,p515ls-p515ls-lotus-womens-short-sleeve-polo-hero-front
Mens Lotus Short Sleeve Polo,mens-lotus-short-sleeve-polo,P515MS,p515ms-p515ms-lotus-mens-short-sleeve-polo-hero-front
Monarch Re-AL Ball Pen,monarch-re-al-ball-pen,P602,p602-p602-monarch-re-al-ball-pen-black
SmartScribe Re-AL NFC Pen,smartscribe-re-al-nfc-pen,P603,p603-p603-smartscribe-re-al-nfc-pen-black
Ladies Renegade Polo,ladies-renegade-polo,P700LS,p700ls-p700ls-renegade-womens-short-sleeve-polo-front-view
RABS Mini Ballpoint Pen,rabs-mini-ballpoint-pen,P734,p734-p734-rabs-mini-ballpoint-pen-black
Cambridge Colorful Gel Ink Pen,cambridge-colorful-gel-ink-pen,P740,p740-p740-cambridge-colourful-gel-ink-pen-allcolour
Ladies Sonar Polo,ladies-sonar-polo,P901LS,p901ls-p901ls-ladies-sonar-polo-black-white-hero-front
Men's Sonar Polo,mens-sonar-polo,P901MS,p901ms-p901ms-mens-sonar-polo-black-white-hero-front
Ladies Plain Micro Fleece Jacket,ladies-plain-micro-fleece-jacket,PF631,pf631-pf631-ladies-plain-micro-fleece-jacket-navy-hero-front
Ladies Plain Micro Fleece Vest,ladies-plain-micro-fleece-vest,PF905,pf905-pf905-ladies-plain-micro-fleece-vest-navy-hero-front
Ladies Bamboo Charcoal Short Sleeve Polo,ladies-bamboo-charcoal-short-sleeve-polo,PS60,ps60-ps60-lucky-bamboo-polo-ladies-hero-front
Men's Sustainable Poly/Cotton Corporate SS Polo,mens-sustainable-poly-cotton-corporate-ss-polo,PS91,ps91-ps91-mens-sustainable-polycotton-corporate-ss-polo-white-front-hero-back
Ladies Sustainable Poly/Cotton Corporate SS Polo,ladies-sustainable-poly-cotton-corporate-ss-polo,PS92,ps92-ps92-ladies-sustainable-poly-cotton-corporate-ss-polo-white-hero-front
Printable Recycled 3-Layer Softshell Jacket,printable-recycled-3-layer-softshell-jacket,R900M,r900m-r900m-recycled-3-layer-printable-softshell-jacket-hero-front
Casual Braided Belt,casual-braided-belt,RA268U,ra268u-ra268u-casual-braided-belt-blackblack
Men's Leather Belt,mens-leather-belt,RA572M,ra572m-ra572m-mens-leather-belt-2
Women's Belt,womens-belt,RA972L,ra972l-womens-belt-hero-front
Rara Cooler Bag,rara-cooler-bag,RB1040,rb1040-rb1040-rara-cooler-bag-black
Willow Natural Tote,willow-natural-tote,RB1043,rb1043-rb1043-willow-natural-tote-brown
The Buddy Drawstring Bag,the-buddy-drawstring-bag,RB1053,rb1053-rb1053-the-buddy-drawstring-bag-allcolour
Women's Aria Fluted Sleeve Blouse,womens-aria-fluted-sleeve-blouse,RB966LS,rb966ls-studio-portraits-3cftbaapng-scytikqt
Women's Kayla V-Neck Pleat Blouse,womens-kayla-v-neck-pleat-blouse,RB967LS,rb967ls-rb967ls-womens-kayla-v-neck-pleat-blouse-navy-hero-front
Women's Estelle Pleat Blouse,womens-estelle-pleat-blouse,RB973LN,rb973ln-rb973ln-womens-estelle-pleat-blouse-silver-hero-front
Renew Women's Short Sleeve Dress,renew-womens-short-sleeve-dress,RD409L,rd409l-renew-womens-short-sleeve-dress-navy-dusk-hero-front
Traveller Women's Slim Leg Chino,traveller-womens-slim-leg-chino,RGP263L,rgp263l-rgp263l-traveller-womens-slim-leg-chino-navy-hero-front
Traveller Men's Tapered Chino,traveller-mens-tapered-chino,RGP263M,rgp263m-rgp263m-traveller-mens-tapered-chino-black-hero-front
Siena 7/8 Mid-Waist Slim Leg Pant,siena-7-8-mid-waist-slim-leg-pant,RGP308L,rgp308l-rgp308l-siena-7-8-mid-waist-slim-leg-pant-marine-hero-front
Cool Stretch Women's Tapered Leg Adjustable Waist Pant,cool-stretch-womens-tapered-leg-adjustable-waist-pant,RGP315L,rgp315l-cool-stretch-womens-tapered-leg-adjustable-waist-pant-navy-hero-front
Renew Women's Tapered Adjustable Waist Pant,renew-womens-tapered-adjustable-waist-pant,RGP404L,rgp404l-rgp404l-renew-womens-tapered-adjustable-waist-pant-hero-front
Renew Women's 7/8 Mid-Waist Slim Leg Pant,renew-womens-7-8-mid-waist-slim-leg-pant,RGP406L,rgp406l-rgp406l-renew-womens-7-8-mid-waist-slim-leg-pant-hero-front
Renew Men's Slim Fit Flat Front Pant,renew-mens-slim-fit-flat-front-pant,RGP407M,rgp407m-rgp407m-renew-mens-slim-fit-flat-front-pant-navy-dusk-hero-front
Renew Men's Adjustable Waist Straight Leg Pant,renew-mens-adjustable-waist-straight-leg-pant,RGP408M,rgp408m-rgp408m-renew-mens-adjustable-waist-straight-leg-pant-hero-front
Women's Siena Adjustable Waist Pant,womens-siena-adjustable-waist-pant,RGP975L,rgp975l-rgp975l-womens-siena-adjustable-waist-pant-marine-hero-front
Men's Siena Adjustable Waist Pant,mens-siena-adjustable-waist-pant,RGP976M,rgp976m-rgp976m-siena-mens-adjustable-waist-pant-hero-front
Traveller Women's Chino Skirt,traveller-womens-chino-skirt,RGS264L,rgs264l-rgs264l-traveller-womens-chino-skirt-desert-hero-front
Womens Sammy Skirt,womens-sammy-skirt,RGS2670L,rgs2670l-rgs2670l-sammy-womens-skirt-hero-front
Cool Stretch Women's Mid-Waist Pencil Skirt,cool-stretch-womens-mid-waist-pencil-skirt,RGS312L,rgs312l-rgs312l-cool-stretch-womens-mid-waist-pencil-skirt-navy-hero-front
Renew Women's Functional Pencil Skirt,renew-womens-functional-pencil-skirt,RGS403L,rgs403l-rgs403l-renew-womens-functional-pencil-skirt-navy-dusk-hero-front
Renew Women's Double Breasted Longline Jacket,renew-womens-double-breasted-longline-jacket,RJ400L,rj400l-rj400l-renew-womens-double-breasted-longline-jacket-hero-front
Renew Women's Single Button Mid Length Jacket,renew-womens-single-button-mid-length-jacket,RJ401L,rj401l-rj401l-renew-womens-single-button-mid-length-jacket-black-african-hero-front
Renew Men's City Fit Jacket,renew-mens-city-fit-jacket,RJ401M,rj401m-rj401m-renew-mens-city-fit-jacket-navy-dusk-hero-front
Men's Courtclub,mens-courtclub,ROLLIE-CLUB,rollie-club-rollie-club-mens-courtclub-black
Men’s Derby,mens-derby,ROLLIE-DERBY,rollie-derby-rollie-derby-mens-derby-black
Women's Charlie L/S Shirt,womens-charlie-l-s-shirt,RS968LL,rs968ll-rs968ll-womens-charlie-ls-shirt-hero-front
Women's Charlie S/S Shirt,womens-charlie-s-s-shirt,RS968LS,rs968ls-rs968ls-womens-charlie-s-s-shirt-white-hero-front
Women's Charlie 3/4 Shirt,womens-charlie-3-4-shirt,RS968LT,rs968lt-rs968lt-womens-charlie-3-4-sleeve-shirt-hero-front
Sydney T-Top,sydney-t-top,RT065LS,rt065ls-rt065ls-sydney-t-top-black-hero-front
Marli Stretch Tunic T-Top,marli-stretch-tunic-t-top,RT262LS,rt262ls-rt262ls-marli-stretch-tunic-t-top-hero-front
Women's Ruche Long Sleeve Blouse,womens-ruche-long-sleeve-blouse,RU568LL,ru568ll-ru568ll-womens-ruche-long-sleeve-blouse-powder-blue-hero-front
Women's Ruche Short Sleeve Blouse,womens-ruche-short-sleeve-blouse,RU568LS,ru568ls-ru568ls-womens-ruche-short-sleeve-blouse-powder-blue-asian-hero-front
Women's Evelyn Long Sleeve Blouse,womens-evelyn-long-sleeve-blouse,RU569LL,ru569ll-ru569ll-womens-evelyn-long-sleeve-blouse-ivory-hero-front
Women's Evelyn Short Sleeve Blouse,womens-evelyn-short-sleeve-blouse,RU569LS,ru569ls-ru569ls-womens-evelyn-short-sleeve-blouse-ivory-hero-front
Women's Evelyn Long Sleeve Shirt,womens-evelyn-long-sleeve-shirt,RU570LL,ru570ll-ru570ll-womens-evelyn-long-sleeve-shirthero-back
Ladies Memphis Shirt,ladies-memphis-shirt,S127LL,s127ll-s127ll-ladies-memphis-shirt-white-hero-front
Men's Memphis Shirt,mens-memphis-shirt,S127ML,s127ml-s127ml-mens-memphis-shirt-white-hero-front
Vidro 750ml Bottle,vidro-750ml-bottle,S3101,s3101-s3101-vidr0-750ml-bottle
Oakleigh Coffee Cup (354mL),oakleigh-coffee-cup-354ml,S400,s400-s400-oakleigh-coffee-cup-354ml-black
Women's Soul Long Sleeve Shirt,womens-soul-long-sleeve-shirt,S421LL,s421ll-s421ll-soul-womens-long-sleeve-shirt-hero-front
Men's Soul Long Sleeve Shirt,mens-soul-long-sleeve-shirt,S421ML,s421ml-s421ml-mens-soul-ls-shirt-hero-front
Ladies Madison Long Sleeve Blouse,ladies-madison-long-sleeve-blouse,S626LL,s626ll-s626ll-ladies-madison-long-sleeve-blouse-ivory-hero-front
Ladies Madison Sleeveless Top,ladies-madison-sleeveless-top,S627LN,s627ln-s627ln-ladies-madison-sleeveless-top-hero-front
Ladies Madison Short Sleeve Shirt,ladies-madison-short-sleeve-shirt,S628LS,s628ls-s628ls-madison-womens-short-sleeve-shirt-hero-front
Byron 1L Drink Bottle,byron-1l-drink-bottle,S777,s777-s777-byron-1l-drink-bottle-navy
Ladies Madison Boatneck Blouse,ladies-madison-boatneck-blouse,S828LL,s828ll-s828ll-ladies-madison-boatneck-blouse-ivory-hero-front
Sunrise Smoothie 500mL Tumbler,sunrise-smoothie-500ml-tumbler,S895,s895-s895-sunrise-smooties-500ml-tumbler-black
Allegra 750ml Bottle,allegra-750ml-bottle,S901,s901-s901-allegra-750ml-bottle-black
Summit 750ml Drink Bottle,summit-750ml-drink-bottle,S909,s909-s909-summit-750ml-drink-bottle-black
Arlo 1L Glass Water Bottle,arlo-1l-glass-water-bottle,S990,s990-s990-arlo-1l-glass-water-bottle-black
Women's Derby City,womens-derby-city,SC00129,sc00129-sc00129-womens-derby-city-black
Women's Court Club,womens-court-club,SC01535,sc01535-sc01535-womens-court-club-black
Men's Plain Oasis Short Sleeve Shirt,mens-plain-oasis-short-sleeve-shirt,SH3603,sh3603-sh3603-mensplainoasiss-sshirt-hero-front
Hi-Vis Reversible Safety Vest With 3m Tapes,hi-vis-reversible-safety-vest-with-3m-tapes,SW19A,sw19a-sw19a-hi-vis-reversible-safety-vest-with-3m-tapes-hero-front
Men's Ice Tee,mens-ice-tee,T10012,t10012-t10012-mens-ice-tee-white-hero-front
Ladies Ice Tee,ladies-ice-tee,T10022,t10022-t10022-ladies-ice-tee-white-hero-front
Men's Stevie,mens-stevie,T14,t14-t14-mens-stevie-shirt-hero-front
Men's Action Short Sleeve Tee,mens-action-short-sleeve-tee,T207MS,t207ms-t207ms-mens-action-short-sleeve-tee-black-hero-front
"Thule Achiever 16"" Laptop Backpack",thule-achiever-16-laptop-backpack,TL1001,tl1001-tl1001-thule-achiever-16-laptop-backpack
Mens Signature Trouser,mens-signature-trouser,TW1639,tw1639-tw1639-mens-signature-trouser-hero-front
Mens Signature Shorts,mens-signature-shorts,TW1643,tw1643-tw1643-mens-signature-shorts-hero-front
Men's Signature Polo,mens-signature-polo,TW1822,tw1822-tw1822-mens-signature-polo-black-hero-front
Women's Signature Polo,womens-signature-polo,TW1823,tw1823-tw1823-womens-signature-polo-black-hero-front
Men's Signature Long Sleeve Polo,mens-signature-long-sleeve-polo,TW1824,tw1824-tw1824-mens-signature-long-sleeve-polo-black-hero-front
Women's Signature Long Sleeve Polo,womens-signature-long-sleeve-polo,TW1825,tw1825-e-commerce-catalogue-in-a-minimalist-photographic-style-the-back-view-olwy-ca
Women's Crew Pullover,womens-crew-pullover,TW1826,tw1826-tw1826-womens-crew-pullover-front
Men's Crew Pullover,mens-crew-pullover,TW1827,tw1827-tw1827-mens-crew-pullover-hero-front
MEN'S_1-4_ZIP_PULLOVER,mens-1-4-zip-pullover,TW1828,tw1828-tw1828-mens-1-4-zip-pullover-black-hero-front
Women's Signature Cardiagn,womens-signature-cardiagn,TW1829,tw1829-tw1829-womens-signature-cardiagn-navy-hero-front
Ladies Signature Trouser,ladies-signature-trouser,TW1838,tw1838-tw1838-ladies-signature-trouser-hero-front
SIGNATURE_HOODIE,signature-hoodie,TW1919,tw1919-tw1919-signature-hoodie-black-hero-front
Men’s Miller Long Sleeve Shirt,mens-miller-long-sleeve-shirt,W44,w44-w44-mens-miller-long-sleeve-shirt-black-white-hero-front
Ladies Miller Long Sleeve Shirt,ladies-miller-long-sleeve-shirt,W45,w45-w45-ladies-miller-long-sleeve-shirt-blackwhite-hero-front
Men’s Miller Short Sleeve Shirt,mens-miller-short-sleeve-shirt,W46,w46-w46-mens-miller-short-sleeve-shirt-black-white-hero-front
Ladies Miller Short Sleeve Shirt,ladies-miller-short-sleeve-shirt,W47,w47-w47-ladies-miller-short-sleeve-shirt-black-white-hero-front
Ladies Miller 3/4 Sleeve Shirt,ladies-miller-3-4-sleeve-shirt,W47Q,w47q-w47q-ladiesmiller34shirt-hero-front
Mens Blue Denim Shirt Men’s Dylan Short Sleeve Shirt,mens-blue-denim-shirt-mens-dylan-short-sleeve-shirt,W49,w49-w49-mens-dylan-short-sleeve-shirt-hero-front
Men's Floyd Long Sleeve,mens-floyd-long-sleeve,W71,w71-w71-mens-floyd-long-sleeve-shirt-hero-front
Ladies Floyd Long Sleeve,ladies-floyd-long-sleeve,W73,w73-w73-ladies-floyd-long-sleeve-shirt-hero-front
Men's Blake Long Sleeve Shirt,mens-blake-long-sleeve-shirt,W90,w90-w90-mens-blake-long-sleeve-shirt-hero-front
Men's Blake Short Sleeve Shirt,mens-blake-short-sleeve-shirt,W91,w91-w91-mens-blake-short-sleeve-shirt-hero-front
Ladies Blake Long Sleeve Shirt,ladies-blake-long-sleeve-shirt,W92,w92-w92-ladies-blake-long-sleeve-shirt-hero-front
Ladies Blake Short Sleeve Shirt,ladies-blake-short-sleeve-shirt,W93,w93-w93-ladies-blake-short-sleeve-shirt-hero-front
Men's Milano Pullover,mens-milano-pullover,WP417M,wp417m-wp417m-mens-milano-pullover-charcoal-hero-front
Basis Short Sleeve Tee Men's,basis-short-sleeve-tee-mens,X1001M,x1001m-x1001m-basis-short-sleeve-tee-mens-white-hero-front
Women's Basis Short Sleeve Tee,womens-basis-short-sleeve-tee,X1001W,x1001w-x1001w-womens-basis-short-sleeve-tee-white-hero-front
Black Men's Basis Long Sleeve Tee,black-mens-basis-long-sleeve-tee,X1002M,x1002m-x1002m-mens-basis-long-sleeve-tee-white-hero-front
Women's Basis Long Sleeve Tee,womens-basis-long-sleeve-tee,X1002W,x1002w-x1002w-womens-basis-long-sleeve-tee-white-hero-front
Everyday Short Sleeve Tee Men's,everyday-short-sleeve-tee-mens,X2001M,x2001m-x2001m-everyday-short-sleeve-tee-mens-white-hero-front
Women's Everyday Short Sleeve Tee,womens-everyday-short-sleeve-tee,X2001W,x2001w-x2001w-womens-everyday-short-sleeve-tee-white-hero-front
Men's Comfort Back S/S Polo,mens-comfort-back-s-s-polo,ZH415,zh415-zh415-mens-comfort-back-short-sleeve-polo-hero-front
Men's Hi Vis Waterproof Lightweight Jacket,mens-hi-vis-waterproof-lightweight-jacket,ZJ355,zj355-zj355-mens-hi-vis-waterproof-lightweight-jacket-hero-front
Unisex Streetworx Beanie,unisex-streetworx-beanie,ZMBEAN,zmbean-zmbean-unisex-streetworx-beanie-hero-front
Men's Essential Basic Stretch Cargo Pant,mens-essential-basic-stretch-cargo-pant,ZP230,zp230-zp230-mens-essential-basic-stretch-cargo-pant-hero-front
Men's Streetworx Stretch Pant Non-Cuffed,mens-streetworx-stretch-pant-non-cuffed,ZP320,zp320-zp320-mens-streetworx-stretch-pant-non-cuffed-hero-front
Men's Basic Cargo Pant (Regular),mens-basic-cargo-pant-regular,ZP501,zp501-zp501-mens-basic-cargo-pant-regular-hero-front
Men's Rugged Cooling Cargo Pant (Regular),mens-rugged-cooling-cargo-pant-regular,ZP504,zp504-zp504-mens-rugged-cooling-cargo-pant-regular-hero-front
Men's Lightweight Drill Cargo Pant,mens-lightweight-drill-cargo-pant,ZP505,zp505-zp505-mens-lightweight-drill-cargo-pant-hero-front
Men's Rugged Cooling Stretch Pant,mens-rugged-cooling-stretch-pant,ZP604,zp604-zp604-mens-rugged-cooling-stretch-pant-hero-front
Women's Essential Basic Stretch Cargo Pant,womens-essential-basic-stretch-cargo-pant,ZP730,zp730-zp730-womens-essential-basic-stretch-cargo-pant-hero-front
Women's Essential Stretch Taped Cargo Pant,womens-essential-stretch-taped-cargo-pant,ZP733,zp733-zp733-womens-essential-stretch-taped-cargo-pant-hero-front
Women's Essential Stretch Taped Cargo Pant - Cuffed,womens-essential-stretch-taped-cargo-pant-cuffed,ZP735,zp735-zp735-womens-essential-stretch-taped-cargo-pant-cuffed-hero-front
Women's Streetworx Tough Pant,womens-streetworx-tough-pant,ZP750,zp750-zp750-womens-streetworx-tough-pant-hero-front
Men's Streetworx Heritage Pant,mens-streetworx-heritage-pant,ZP820,zp820-zp820-mens-streetworx-heritage-pant-hero-front
Men's Essential Stretch Taped Cargo Pant,mens-essential-stretch-taped-cargo-pant,ZP923,zp923-zp923-mens-essential-stretch-taped-cargo-pant-hero-front
Men's Rugged Cooling Stretch Segmented Taped Pant,mens-rugged-cooling-stretch-segmented-taped-pant,ZP924,zp924-zp924-mens-rugged-cooling-stretch-segmented-taped-pant-hero-front
Men's Essential Stretch Taped Cargo Pant - Cuffed,mens-essential-stretch-taped-cargo-pant-cuffed,ZP935,zp935-zp935-mens-essential-stretch-taped-cargo-pant-cuffed-hero-front
Men's Summer Cargo Short,mens-summer-cargo-short,ZS146,zs146-zs146-mens-summer-cargo-short-hero-front
Men's Basic Cargo Short,mens-basic-cargo-short,ZS502,zs502-zs502-mens-basic-cargo-short-hero-front
Men's Streetworx Heritage Short,mens-streetworx-heritage-short,ZS822,zs822-zs822-mens-streetworx-heritage-short-hero-front
Hi Vis Half Zip Polar Fleece Jumper,hi-vis-half-zip-polar-fleece-jumper,ZT460,zt460-zt460-hi-vis-half-zip-polar-fleece-jumper-hero-front
Hi Vis Polar Fleece Jumper - Hoop Taped,hi-vis-polar-fleece-jumper-hoop-taped,ZT461,zt461-zt461-hi-vis-polar-fleece-jumper-hoop-taped-hero-front
Unisex Streetworx Hooded Puffer Vest,unisex-streetworx-hooded-puffer-vest,ZV245,zv245-zv245-unisex-streetworx-hooded-puffer-vest-hero-front
Men's Midweight Drill Cargo Pant (Stout),mens-midweight-drill-cargo-pant-stout,ZW001S,zw001s-zw001s-mens-midweight-drill-cargo-pant-stout-hero-front
Men's Taped Utility Pant (Regular),mens-taped-utility-pant-regular,ZW004,zw004-zw004-mens-taped-utility-pant-regular-hero-front
Men's Hi Vis Short Sleeve Shirt,mens-hi-vis-short-sleeve-shirt,ZW115,zw115-zw115-mens-hi-vis-short-sleeve-shirt-hero-front
Men's Light Weight Tradie S/S Shirt,mens-light-weight-tradie-s-s-shirt,ZW120,zw120-zw120-mens-light-weight-tradie-short-sleeve-shirt-hero-front
Men's Lightweight Tradie L/S Shirt,mens-lightweight-tradie-l-s-shirt,ZW121,zw121-zw121-mens-lightweight-tradie-long-sleeve-shirt-hero-front
Men's Rugged Cooling Hi Vis Spliced Shirt,mens-rugged-cooling-hi-vis-spliced-shirt,ZW128,zw128-zw128-mens-rugged-cooling-hi-vis-spliced-shirt-hero-front
Men's Rugged Cooling Hi Vis Segmented Tape L/S Shirt,mens-rugged-cooling-hi-vis-segmented-tape-l-s-shirt,ZW229,zw229-zw229-mens-rugged-cooling-hi-vis-segmented-tape-long-sleeve-shirt-hero-front
Men's Rugged Cooling Men's L/S Shirt,mens-rugged-cooling-mens-l-s-shirt,ZW400,zw400-zw400-mens-rugged-cooling-long-sleeve-shirt-hero-front
Men's Outdoor L/S Shirt,mens-outdoor-l-s-shirt,ZW460,zw460-zw460-mens-outdoor-long-sleeve-shirt-hero-front
Men's Outdoor S/S Shirt,mens-outdoor-s-s-shirt,ZW465,zw465-zw465-mens-outdoor-short-sleeve-shirt-hero-front
Men's Hi Vis Outdoor L/S Shirt,mens-hi-vis-outdoor-l-s-shirt,ZW468,zw468-zw468-mens-hi-vis-outdoor-long-sleeve-shirt-hero-front
Men's Bio Motion Vic Rail Shirt,mens-bio-motion-vic-rail-shirt,ZW680,zw680-zw680-mens-bio-motion-vic-rail-shirt-hero-front
Women's Outdoor Long Sleeve Shirt,womens-outdoor-long-sleeve-shirt,ZW760,zw760-zw760-womens-outdoor-long-sleeve-shirt-hero-front
Women's Outdoor Short Sleeve Shirt,womens-outdoor-short-sleeve-shirt,ZW765,zw765-zw765-womens-outdoor-short-sleeve-shirt-hero-front
Men's Rugged Cooling Hi Vis Spliced S/S Shirt,mens-rugged-cooling-hi-vis-spliced-s-s-shirt,ZW815,zw815-zw815-mens-rugged-cooling-hi-vis-spliced-short-sleeve-shirt-hero-front
Men's Rugged Cooling Taped Hi Vis Spliced S/S Shirt,mens-rugged-cooling-taped-hi-vis-spliced-s-s-shirt,ZW835,zw835-zw835-mens-rugged-cooling-hi-vis-taped-short-sleeve-shirt-hero-front
Women's Lightweight Tradie S/S Shirt,womens-lightweight-tradie-s-s-shirt,ZWL120,zwl120-zwl120-womens-lightweight-tradie-short-sleeve-shirt-hero-front
