canonical_index,identity_key,sku,name,source_sets,final_category,final_subcategories,approved_industries,industry_status,industry_blocker,taxonomy_notes
331,sku:1520WL,1520WL,Womens Nicholson Premium Poplin Long Sleeve Shirt,Shirts,Tops,Long Sleeve,Corporate | Education | Government,ready,,
332,sku:1520WS,1520WS,Womens Nicholson Premium Poplin Short Sleeve Shirt,Shirts,Tops,Short Sleeve,Corporate | Education | Government,ready,,
333,sku:1899WL,1899WL,Bradford Womens Fine Oxford Long Sleeve Shirt,Shirts,Tops,Long Sleeve,Corporate | Education | Government,ready,,
334,sku:1898L,1898L,Bradford Fine Oxford Long Sleeve Shirt,Shirts,Tops,Long Sleeve,Corporate | Education | Government,ready,,
335,sku:49-430,49-430,Slip On Shoe,Shoes,Shoes,,Workwear & Hi-Vis,ready,,
336,sku:440,440,Premium Elastic Sided Boot W/ Scuff Cap,Shoes,Shoes,,Workwear & Hi-Vis,ready,,
337,sku:49-445Z,49-445Z,Women's Black Zip Sided Boot,Shoes,Shoes,,Workwear & Hi-Vis,ready,,
338,sku:49-450Z,49-450Z,Women’s Stone Zip Sided Low-Cut Boot,Shoes,Shoes,,Workwear & Hi-Vis,ready,,
339,sku:49-432Z,49-432Z,Women's Wheat Zip Sided Boot,Shoes,Shoes,,Workwear & Hi-Vis,ready,,
340,sku:630797W,630797W,Women's Tornado,Shoes,Shoes,,Workwear & Hi-Vis,ready,,
341,sku:34-652,34-652,Men's Black Lace Up Derby Shoe,Shoes,Shoes,,Retail | Government | Corporate,ready,,
342,sku:45-627,45-627,Men's Brown Elastic Sided Boot,Shoes,Shoes,,Workwear & Hi-Vis,ready,,
343,sku:ROLLIE-CLUB,ROLLIE-CLUB,Men's Courtclub,Shoes,Shoes,,Retail | Government | Corporate,ready,,
344,sku:ROLLIE-DERBY,ROLLIE-DERBY,Men’s Derby,Shoes,Shoes,,Retail | Government | Corporate,ready,,
345,sku:SC01535,SC01535,Women's Court Club,Shoes,Shoes,,Retail | Government | Corporate,ready,,
346,sku:SC00129,SC00129,Women's Derby City,Shoes,Shoes,,Retail | Government | Corporate,ready,,
347,sku:261,261,Men's Zipsider Boot,Shoes,Shoes,,Workwear & Hi-Vis,ready,,
348,sku:240,240,Elastic Sided Boot,Shoes,Shoes,,Workwear & Hi-Vis,ready,,
349,sku:RBL068M,RBL068M,Men's Arden Blazer,Suiting,Suiting,Blazers,Corporate | Government,ready,,
350,sku:RBL068L,RBL068L,Arden Blazer,Suiting,Suiting,Blazers,Corporate | Government,ready,,
351,sku:80717,80717,Men's Siena 2 Button Jacket,Suiting,Suiting,Blazers,Corporate | Government,ready,,
352,sku:1765WJ,1765WJ,Women's Washable One Button Jacket,Suiting,Suiting,Blazers,Corporate | Government,ready,,
353,sku:BS732L,BS732L,Ladies Bianca Jacket,Suiting,Suiting,Blazers,Corporate | Government,ready,,
354,sku:1728MJ,1728MJ,Men's Washable Jacket,Suiting,Suiting,Blazers,Corporate | Government,ready,,
355,sku:1725WSK,1725WSK,Women's Washable 'A' Line Skirt,Suiting,Suiting,Skirts,Corporate | Government,ready,,
356,sku:1724WSK,1724WSK,Women's Washable Pencil Skirt,Suiting,Suiting,Skirts,Corporate | Government,ready,,
357,sku:20717,20717,Women's Bandless Pencil Skirt,Suiting,Suiting,Skirts,Corporate | Government,ready,,
358,sku:20115,20115,Women's Multi-Pleat Skirt,Suiting,Suiting,Skirts,Corporate | Government,ready,,
359,sku:20720,20720,Women's Front Pleat Detail Straight Skirt,Suiting,Suiting,Skirts,Corporate | Government,ready,,
360,sku:RGS312L,RGS312L,Cool Stretch Women's Mid-Waist Pencil Skirt,Suiting,Suiting,Skirts,Corporate | Government,ready,,
361,sku:1766WSK,1766WSK,Women's Washable Box Pleat Skirt,Suiting,Suiting,Skirts,Corporate | Government,ready,,
362,sku:RGP975L,RGP975L,Women's Siena Adjustable Waist Pant,Suiting,Suiting,Trousers,Corporate | Government,ready,,
363,sku:10121,10121,Women's Cool Stretch Bandless Slim Leg Pant,Suiting,Suiting,Trousers,Corporate | Government,ready,,
364,sku:1762WT,1762WT,Women's Washable Slim Leg Pant,Suiting,Suiting,Trousers,Corporate | Government,ready,,
365,sku:10722,10722,Women's Bandless Elastic Waist Pant,Suiting,Suiting,Trousers,Corporate | Government,ready,,
366,sku:1732WT,1732WT,Elliot Washable 7/8th Pant,Suiting,Suiting,Trousers,Corporate | Government,ready,,
367,sku:RGP308L,RGP308L,Siena 7/8 Mid-Waist Slim Leg Pant,Suiting,Suiting,Trousers,Corporate | Government,ready,,
368,sku:1722MT,1722MT,Men's Washable Pant,Suiting,Suiting,Trousers,Corporate | Government,ready,,
369,sku:RGP976M,RGP976M,Men's Siena Adjustable Waist Pant,Suiting,Suiting,Trousers,Corporate | Government,ready,,
370,sku:1723WT,1723WT,Women's Washable Cigarette Pant,Suiting,Suiting,Trousers,Corporate | Government,ready,,
371,sku:60719,60719,Siena Women's Mid Length Jacket,Suiting,Suiting,Blazers,Corporate | Government,ready,,
372,sku:60717,60717,Siena Women's Longline Jacket,Suiting,Suiting,Blazers,Corporate | Government,ready,,
373,sku:RJ401M,RJ401M,Renew Men's City Fit Jacket,Suiting,Suiting,Blazers,Corporate | Government,ready,,
374,sku:RJ401L,RJ401L,Renew Women's Single Button Mid Length Jacket,Suiting,Suiting,Blazers,Corporate | Government,ready,,
375,sku:RJ400L,RJ400L,Renew Women's Double Breasted Longline Jacket,Suiting,Suiting,Blazers,Corporate | Government,ready,,
376,sku:RD409L,RD409L,Renew Women's Short Sleeve Dress,Suiting,Suiting,Dresses,Corporate | Government,ready,,
377,sku:RGP408M,RGP408M,Renew Men's Adjustable Waist Straight Leg Pant,Suiting | Sustainable,Suiting,Trousers | Sustainable,Corporate | Government,ready,,
378,sku:RGP407M,RGP407M,Renew Men's Slim Fit Flat Front Pant,Suiting | Sustainable,Suiting,Trousers | Sustainable,Corporate | Government,ready,,
379,sku:RGS403L,RGS403L,Renew Women's Functional Pencil Skirt,Suiting | Sustainable,Suiting,Skirts | Sustainable,Corporate | Government,ready,,
380,sku:RGP404L,RGP404L,Renew Women's Tapered Adjustable Waist Pant,Suiting | Sustainable,Suiting,Trousers | Sustainable,Corporate | Government,ready,,
381,sku:RGP406L,RGP406L,Renew Women's 7/8 Mid-Waist Slim Leg Pant,Suiting | Sustainable,Suiting,Trousers | Sustainable,Corporate | Government,ready,,
382,sku:RU569LS,RU569LS,Women's Evelyn Short Sleeve Blouse,Sustainable | Tops,Tops,Short Sleeve | Sustainable,Corporate | Education | Government,ready,,
383,sku:RU569LL,RU569LL,Women's Evelyn Long Sleeve Blouse,Sustainable | Tops,Tops,Long Sleeve | Sustainable,Corporate | Education | Government,ready,,
384,sku:1807WS,1807WS,Poppy Puff Sleeve Top,Sustainable | Tops,Tops,Short Sleeve | Sustainable,Corporate | Education | Government,ready,,
