Slug,Related Products
210-polo,ladies-210-polo; l-s-210-polo
4-way-stretch-tunic,city-stretch-spot-tunic; marli-stretch-tunic-t-top; ladies-florence-tunic; ezylin-tunic
a-bright-future-essence-polo-shirt,unisex-a-bright-future-essence-polo-shirt; unisex-future-dreaming-essence-polo-shirt; unisex-guiding-light-black-bamboo-simpson-polo-shirt
access-cap,trucker-cap; bamboo-cap; heavy-brushed-cotton-cap; dad-hat
al-dente-mens-chef-jacket,zest-mens-s-s-chef-jacket; zest-mens-l-s-chef-jacket; mens-alfresco-short-sleeve-chef-jacket; barley-apron
alfie-bib-apron,louie-apron; barley-apron; capri-waist-apron; colby-waist-apron
allegra-750ml-bottle,vidro-750ml-bottle; summit-750ml-drink-bottle; byron-1l-drink-bottle; arlo-1l-glass-water-bottle; sunrise-smoothie-500ml-tumbler; oakleigh-coffee-cup-354ml; vienna-coffee-cup-silicone-lid; vienna-coffee-cup-snap-lid-cork-band
alpine-ladies-puffer-jacket,alpine-mens-puffer-jacket; alpine-ladies-puffer-vest; alpine-mens-puffer-vest; unisex-streetworx-hooded-puffer-vest; mens-expedition-quilted-jacket
alpine-ladies-puffer-vest,alpine-mens-puffer-vest; alpine-ladies-puffer-jacket; alpine-mens-puffer-jacket; unisex-streetworx-hooded-puffer-vest; expedition-mens-vest
alpine-mens-puffer-jacket,alpine-ladies-puffer-jacket; alpine-ladies-puffer-vest; alpine-mens-puffer-vest; unisex-streetworx-hooded-puffer-vest; mens-expedition-quilted-jacket
alpine-mens-puffer-vest,alpine-ladies-puffer-vest; alpine-ladies-puffer-jacket; alpine-mens-puffer-jacket; unisex-streetworx-hooded-puffer-vest; expedition-mens-vest
amazon-bamboo-notebook,stone-paper-notebook; tourist-a5-notebook
arc-eco-square-wireless-charger,
arches-mens-padded-vest,arches-womens-padded-jacket
arches-womens-padded-jacket,arches-mens-padded-vest; selwyn-lady-jacket; alpine-ladies-puffer-jacket; printable-recycled-3-layer-softshell-jacket
arlo-1l-glass-water-bottle,byron-1l-drink-bottle; vidro-750ml-bottle; allegra-750ml-bottle; summit-750ml-drink-bottle; sunrise-smoothie-500ml-tumbler; vienna-coffee-cup-silicone-lid; vienna-coffee-cup-snap-lid-cork-band; oakleigh-coffee-cup-354ml
balmoral-royal-oxford-shirt,royal-oxford-3-4-sleeve-shirt; ladies-ashton-cotton-oxford-shirt; bradford-fine-oxford-long-sleeve-shirt; bradford-womens-fine-oxford-long-sleeve-shirt
bamboo-cap,access-cap; premium-rpet-cap; organic-cotton-sandwich-cap; pet-cotton-sandwich-cap
barley-apron,clout-apron; urban-1-2-waist-apron; unisex-salt-bib-apron; short-waisted-apron
basis-short-sleeve-tee-mens,womens-basis-short-sleeve-tee; womens-basis-long-sleeve-tee; black-mens-basis-long-sleeve-tee; everyday-short-sleeve-tee-mens
bellroy-classic-daypack,eco-nova-computer-backpack; thule-achiever-16-laptop-backpack; darani-grs-recycled-canvas-anti-theft-15-21l-laptop-backpack; darani-15-19l-computer-backpack-in-repreve-recycled-material
berkeley-chefs-bib-apron,alfie-bib-apron; lockharte-bib-apron; barley-apron; english-chef-apron
bib-apron-a03,alfie-bib-apron; berkeley-chefs-bib-apron; barley-apron; canvas-apron
bisley-recycle-x-taped-hi-vis-drill-shirt,mens-lightweight-drill-cargo-pant; stretch-cotton-drill-cargo-pants; mens-midweight-drill-cargo-pant-stout; taped-hi-vis-cool-lightweight-s-s-shirt; mens-hi-vis-outdoor-l-s-shirt; mens-bio-motion-vic-rail-shirt
black-mens-basis-long-sleeve-tee,womens-basis-long-sleeve-tee; basis-short-sleeve-tee-mens; womens-basis-short-sleeve-tee; everyday-short-sleeve-tee-mens
bloa-pen,paper-pen; tirana-pen; rabs-mini-ballpoint-pen; the-gravity-3-1-metal-pen; monarch-re-al-ball-pen; cambridge-colorful-gel-ink-pen; smartscribe-re-al-nfc-pen; the-heritage-wooden-metal-ball-pen
bradford-fine-oxford-long-sleeve-shirt,bradford-womens-fine-oxford-long-sleeve-shirt; royal-oxford-3-4-sleeve-shirt; ladies-ashton-cotton-oxford-shirt; balmoral-royal-oxford-shirt
bradford-womens-fine-oxford-long-sleeve-shirt,bradford-fine-oxford-long-sleeve-shirt; royal-oxford-3-4-sleeve-shirt; ladies-ashton-cotton-oxford-shirt; balmoral-royal-oxford-shirt
byron-1l-drink-bottle,summit-750ml-drink-bottle; arlo-1l-glass-water-bottle; vidro-750ml-bottle; allegra-750ml-bottle; sunrise-smoothie-500ml-tumbler; vienna-coffee-cup-silicone-lid; oakleigh-coffee-cup-354ml; vienna-coffee-cup-snap-lid-cork-band
cambridge-colorful-gel-ink-pen,bloa-pen; paper-pen; tirana-pen; the-gravity-3-1-metal-pen; rabs-mini-ballpoint-pen; smartscribe-re-al-nfc-pen; monarch-re-al-ball-pen; the-heritage-wooden-metal-ball-pen
cambridge-mens-short-sleeve-polo,ladies-cambridge-polo; mens-venture-short-sleeve-polo; mens-phoenix-short-sleeve-polo
canvas-apron,waist-canvas-apron-including-strap; barley-apron; alfie-bib-apron; berkeley-chefs-bib-apron
canvas-hat,access-cap; bamboo-cap; trucker-mesh-cap; organic-brushed-heavy-cotton-mesh-back-cap
capri-waist-apron,colby-waist-apron; barley-apron; louie-apron; alfie-bib-apron
casual-braided-belt,womens-belt; mens-standard-belt; womens-slimline-belt; mens-leather-belt
chefs-cap,access-cap; bamboo-cap; canvas-hat; mesh-flat-top-hat
city-active-pant,city-active-top; city-mens-short-sleeve-polo; city-womens-short-sleeve-polo; renew-mens-city-fit-jacket; womens-venture-pant
city-active-top,city-active-pant; city-stretch-spot-tunic; marni-1-2-placket-top; petal-print-top; poppy-puff-sleeve-top
city-mens-short-sleeve-polo,city-womens-short-sleeve-polo; city-active-pant; renew-mens-city-fit-jacket
city-stretch-spot-tunic,city-active-top; 4-way-stretch-tunic; marli-stretch-tunic-t-top; ladies-florence-tunic; ezylin-tunic
city-womens-short-sleeve-polo,city-mens-short-sleeve-polo; city-active-pant; renew-mens-city-fit-jacket
classic-l-s-tee,wos-classic-l-s-tee; mens-classic-tee; mens-classic-stripe-tee; mens-plus-tee
cleo-v-neck-shirred-cuff-top,lola-3-4-sleeve-shirred-cuff-top; freya-shirred-cuff-soft-top; ladies-reese-v-neck-top; poppy-puff-sleeve-top
clout-apron,barley-apron; unisex-salt-bib-apron; urban-1-2-waist-apron; short-waisted-apron
colby-waist-apron,capri-waist-apron; louie-apron; barley-apron; alfie-bib-apron
cool-stretch-womens-mid-waist-pencil-skirt,womens-bandless-pencil-skirt; womens-washable-pencil-skirt; renew-womens-functional-pencil-skirt; cool-stretch-womens-tapered-leg-adjustable-waist-pant; womens-cool-stretch-bandless-slim-leg-pant
cool-stretch-womens-tapered-leg-adjustable-waist-pant,womens-cool-stretch-bandless-slim-leg-pant; cool-stretch-womens-mid-waist-pencil-skirt; taped-hi-vis-cool-lightweight-shirt; taped-hi-vis-cool-lightweight-s-s-shirt; renew-womens-tapered-adjustable-waist-pant; renew-mens-adjustable-waist-straight-leg-pant; mens-siena-adjustable-waist-pant; womens-siena-adjustable-waist-pant
crew-ladies-l-s-polo,crew-mens-l-s-polo; ladies-crew-polo; mens-crew-polo; mens-crew-pullover; womens-crew-pullover
crew-mens-l-s-polo,crew-ladies-l-s-polo; ladies-crew-polo; mens-crew-polo; mens-crew-pullover; womens-crew-pullover
dad-hat,nomad-dad-hat; access-cap; bamboo-cap; heavy-brushed-cotton-cap
darani-15-19l-computer-backpack-in-repreve-recycled-material,darani-grs-recycled-canvas-anti-theft-15-21l-laptop-backpack; eco-nova-computer-backpack; urban-sports-backpack; thule-achiever-16-laptop-backpack
darani-grs-recycled-canvas-anti-theft-15-21l-laptop-backpack,darani-15-19l-computer-backpack-in-repreve-recycled-material; thule-achiever-16-laptop-backpack; urban-sports-backpack; eco-nova-computer-backpack
eco-nova-computer-backpack,darani-15-19l-computer-backpack-in-repreve-recycled-material; urban-sports-backpack; thule-achiever-16-laptop-backpack; darani-grs-recycled-canvas-anti-theft-15-21l-laptop-backpack
elastic-sided-boot,mens-brown-elastic-sided-boot; premium-elastic-sided-boot-w-scuff-cap; womens-wheat-zip-sided-boot; womens-black-zip-sided-boot; womens-stone-zip-sided-low-cut-boot
english-chef-apron,barley-apron; alfie-bib-apron; lockharte-bib-apron; berkeley-chefs-bib-apron
eureka-mens-tees,mens-block-tee; everyday-short-sleeve-tee-mens; basis-short-sleeve-tee-mens; mens-classic-stripe-tee
everyday-short-sleeve-tee-mens,womens-everyday-short-sleeve-tee; basis-short-sleeve-tee-mens; womens-basis-short-sleeve-tee; black-mens-basis-long-sleeve-tee
expedition-mens-vest,ladies-expedition-quilted-jacket; mens-expedition-quilted-jacket; alpine-ladies-puffer-vest; alpine-mens-puffer-vest
ezylin-tunic,ladies-florence-tunic; 4-way-stretch-tunic; city-stretch-spot-tunic; marli-stretch-tunic-t-top
fluro-vest,hi-vis-safety-vest; hi-vis-reversible-safety-vest-with-3m-tapes; hi-vis-polar-fleece-jumper-hoop-taped; hi-vis-half-zip-polar-fleece-jumper
flx-and-move-taped-stretch-cargo-cuffed-pants,mens-essential-stretch-taped-cargo-pant-cuffed; womens-essential-stretch-taped-cargo-pant-cuffed; mens-streetworx-stretch-pant-non-cuffed; stretch-cotton-drill-cargo-pants
freshen-polo-l-s-ladies,freshen-polo-l-s-mens; freshen-polo-ladies; freshen-polo-mens
freshen-polo-l-s-mens,freshen-polo-l-s-ladies; freshen-polo-ladies; freshen-polo-mens
freshen-polo-ladies,freshen-polo-mens; freshen-polo-l-s-ladies; freshen-polo-l-s-mens; superdry-polo-ladies
freshen-polo-mens,freshen-polo-ladies; freshen-polo-l-s-ladies; freshen-polo-l-s-mens
freya-shirred-cuff-soft-top,lola-3-4-sleeve-shirred-cuff-top; cleo-v-neck-shirred-cuff-top; marni-1-2-placket-top; ladies-reese-v-neck-top
glacier-ladies-s-s-polos,glacier-mens-s-s-polos
glacier-mens-s-s-polos,glacier-ladies-s-s-polos
heart-print-tunic,womens-florence-stardust-print-tunic; womens-florence-daisy-print-tunic; petal-print-top; womens-florence-daisy-print-short-sleeve-shirt; zip-back-tunic; 4-way-stretch-tunic
heavy-brushed-cotton-cap,organic-brushed-heavy-cotton-mesh-back-cap; bamboo-cap; access-cap; nomad-dad-hat
hi-vis-half-zip-polar-fleece-jumper,hi-vis-polar-fleece-jumper-hoop-taped; ladies-plain-micro-fleece-jacket; ladies-plain-micro-fleece-vest; mens-hi-vis-waterproof-lightweight-jacket; fluro-vest; unisex-streetworx-hooded-puffer-vest
hi-vis-polar-fleece-jumper-hoop-taped,hi-vis-half-zip-polar-fleece-jumper; ladies-plain-micro-fleece-jacket; ladies-plain-micro-fleece-vest; mens-hi-vis-waterproof-lightweight-jacket; unisex-streetworx-hooded-puffer-vest; fluro-vest
hi-vis-reversible-safety-vest-with-3m-tapes,hi-vis-safety-vest; hi-vis-half-zip-polar-fleece-jumper; fluro-vest
hi-vis-safety-vest,hi-vis-reversible-safety-vest-with-3m-tapes; hi-vis-half-zip-polar-fleece-jumper; hi-vis-polar-fleece-jumper-hoop-taped; fluro-vest
jane-3-4-length-stretch-pant,womens-venture-pant
kahve-polo-ladies,kahve-polo-mens; ladies-crew-polo; crew-ladies-l-s-polo
kahve-polo-mens,kahve-polo-ladies; mens-crew-polo; crew-mens-l-s-polo
keira-ladies-polos,ladies-ice-polo; silvertech-polo-ladies; ladies-210-polo
l-s-190g-shirt-with-3m-tape,mens-rugged-cooling-hi-vis-segmented-tape-l-s-shirt
l-s-210-polo,210-polo; ladies-210-polo
ladies-210-polo,210-polo; l-s-210-polo; mens-venture-short-sleeve-polo; womens-venture-short-sleeve-polo
ladies-apex-lightweight-softshell-jacket,mens-apex-lightweight-softshell-jacket; mens-sustainable-softshell-corporate-jacket; ladies-apex-vest; printable-recycled-3-layer-softshell-jacket; ladies-geneva-jacket
ladies-apex-vest,ladies-apex-lightweight-softshell-jacket; mens-apex-lightweight-softshell-jacket; ladies-geneva-vest; alpine-ladies-puffer-vest
ladies-ashton-cotton-oxford-shirt,balmoral-royal-oxford-shirt; royal-oxford-3-4-sleeve-shirt; bradford-fine-oxford-long-sleeve-shirt; bradford-womens-fine-oxford-long-sleeve-shirt
ladies-bamboo-charcoal-short-sleeve-polo,unisex-family-black-bamboo-simpson-polo-shirt; unisex-mountains-white-bamboo-simpson-polo-shirt; unisex-guiding-light-black-bamboo-simpson-polo-shirt; unisex-knowledge-holders-black-bamboo-simpson-polo-shirt
ladies-bella-pant,womens-venture-pant
ladies-bianca-jacket,siena-womens-longline-jacket; siena-womens-mid-length-jacket; renew-womens-double-breasted-longline-jacket; renew-womens-single-button-mid-length-jacket
ladies-blake-long-sleeve-shirt,mens-blake-long-sleeve-shirt; ladies-blake-short-sleeve-shirt; mens-blake-short-sleeve-shirt
ladies-blake-short-sleeve-shirt,mens-blake-short-sleeve-shirt; ladies-blake-long-sleeve-shirt; mens-blake-long-sleeve-shirt
ladies-boston-chino,mens-boston-chino; ladies-lawson-chino-pant; mens-lawson-chino-pant; lawson-ladies-chino-skirt; traveller-womens-chino-skirt; traveller-mens-tapered-chino; traveller-womens-slim-leg-chino
ladies-cambridge-polo,cambridge-mens-short-sleeve-polo; ladies-ice-polo; superdry-polo-ladies
ladies-contrast-polo,ladies-210-polo; superdry-polo-mens; glacier-ladies-s-s-polos; glacier-mens-s-s-polos
ladies-crew-polo,mens-crew-polo; crew-ladies-l-s-polo; crew-mens-l-s-polo; mens-crew-pullover; womens-crew-pullover
ladies-expedition-quilted-jacket,mens-expedition-quilted-jacket; expedition-mens-vest; alpine-ladies-puffer-jacket; alpine-mens-puffer-jacket
ladies-florence-tunic,womens-florence-daisy-print-tunic; womens-florence-stardust-print-tunic; womens-florence-daisy-print-short-sleeve-shirt; marli-stretch-tunic-t-top
ladies-floyd-long-sleeve,mens-floyd-long-sleeve
ladies-geneva-jacket,ladies-geneva-vest; womens-tailor-jacket; ladies-apex-lightweight-softshell-jacket; mens-apex-lightweight-softshell-jacket
ladies-geneva-vest,ladies-geneva-jacket; ladies-apex-vest; ladies-milano-vest; alpine-ladies-puffer-vest
ladies-ice-polo,mens-ice-polo
ladies-ice-tee,mens-ice-tee
ladies-lawson-chino-pant,mens-lawson-chino-pant; lawson-ladies-chino-skirt; traveller-womens-slim-leg-chino; ladies-boston-chino; mens-boston-chino; traveller-womens-chino-skirt; traveller-mens-tapered-chino
ladies-madison-boatneck-blouse,ladies-madison-long-sleeve-blouse; womens-evelyn-short-sleeve-blouse; womens-ruche-long-sleeve-blouse; womens-evelyn-long-sleeve-blouse; womens-estelle-pleat-blouse; ladies-madison-sleeveless-top; ladies-madison-short-sleeve-shirt; womens-aria-fluted-sleeve-blouse; womens-ruche-short-sleeve-blouse; womens-kayla-v-neck-pleat-blouse
ladies-madison-long-sleeve-blouse,ladies-madison-boatneck-blouse; womens-evelyn-long-sleeve-blouse; womens-ruche-long-sleeve-blouse; womens-evelyn-short-sleeve-blouse; ladies-madison-short-sleeve-shirt; womens-aria-fluted-sleeve-blouse; womens-ruche-short-sleeve-blouse; ladies-madison-sleeveless-top; womens-estelle-pleat-blouse; womens-kayla-v-neck-pleat-blouse
ladies-madison-short-sleeve-shirt,ladies-madison-long-sleeve-blouse; ladies-madison-sleeveless-top; ladies-madison-boatneck-blouse
ladies-madison-sleeveless-top,ladies-madison-long-sleeve-blouse; ladies-madison-short-sleeve-shirt; ladies-madison-boatneck-blouse; sydney-t-top; womens-marley-jersey-t-top
ladies-memphis-shirt,mens-memphis-shirt; womens-charlie-3-4-shirt; womens-charlie-s-s-shirt; womens-charlie-l-s-shirt
ladies-milano-vest,mens-milano-pullover; ladies-apex-vest; alpine-ladies-puffer-vest
ladies-miller-3-4-sleeve-shirt,ladies-miller-long-sleeve-shirt; mens-miller-long-sleeve-shirt; ladies-miller-short-sleeve-shirt; mens-miller-short-sleeve-shirt
ladies-miller-long-sleeve-shirt,mens-miller-long-sleeve-shirt; ladies-miller-3-4-sleeve-shirt; ladies-miller-short-sleeve-shirt; mens-miller-short-sleeve-shirt
ladies-miller-short-sleeve-shirt,mens-miller-short-sleeve-shirt; ladies-miller-3-4-sleeve-shirt; ladies-miller-long-sleeve-shirt; mens-miller-long-sleeve-shirt
ladies-olympus-soft-shell-jacket,mens-olympus-soft-shell-jacket; ladies-geneva-jacket; ladies-apex-lightweight-softshell-jacket; selwyn-mens-jackets
ladies-plain-micro-fleece-jacket,ladies-plain-micro-fleece-vest; hi-vis-polar-fleece-jumper-hoop-taped; hi-vis-half-zip-polar-fleece-jumper
ladies-plain-micro-fleece-vest,ladies-plain-micro-fleece-jacket; hi-vis-polar-fleece-jumper-hoop-taped; hi-vis-half-zip-polar-fleece-jumper
ladies-plain-oasis-3-4-sleeve-shirt,ladies-plain-oasis-short-sleeve-shirt; mens-plain-oasis-short-sleeve-shirt; womens-florence-daisy-print-short-sleeve-shirt
ladies-plain-oasis-short-sleeve-shirt,mens-plain-oasis-short-sleeve-shirt; ladies-plain-oasis-3-4-sleeve-shirt; womens-florence-daisy-print-short-sleeve-shirt
ladies-reese-v-neck-top,cleo-v-neck-shirred-cuff-top; taylor-top; poppy-puff-sleeve-top; lola-3-4-sleeve-shirred-cuff-top
ladies-remy-pant,womens-soft-stretch-pant
ladies-renegade-polo,ladies-crew-polo; ladies-sonar-polo
ladies-scrub-v-neck-contrast-trim-top,mens-v-neck-contrast-trim-scrub-top; womens-pulse-v-neck-scrub-top; womens-riley-v-neck-scrub-top; womens-pink-v-neck-scrub-top
ladies-signature-trouser,mens-signature-trouser; mens-signature-polo; mens-signature-long-sleeve-polo; signature-hoodie; womens-signature-polo; womens-signature-cardiagn; womens-signature-long-sleeve-polo
ladies-sonar-polo,mens-sonar-polo
ladies-stretch-slimfit-boston-chino-shorts,mens-stretch-slimfit-boston-chino-shorts; lawson-ladies-chino-short; traveller-womens-chino-skirt; lawson-ladies-chino-skirt
ladies-sustainable-poly-cotton-corporate-ss-polo,mens-sustainable-poly-cotton-corporate-ss-polo
lawson-ladies-chino-short,lawson-ladies-chino-skirt; traveller-womens-chino-skirt; ladies-stretch-slimfit-boston-chino-shorts; mens-stretch-slimfit-boston-chino-shorts
lawson-ladies-chino-skirt,lawson-ladies-chino-short; ladies-lawson-chino-pant; mens-lawson-chino-pant; traveller-womens-chino-skirt; ladies-boston-chino; mens-boston-chino; traveller-mens-tapered-chino; traveller-womens-slim-leg-chino; ladies-stretch-slimfit-boston-chino-shorts; mens-stretch-slimfit-boston-chino-shorts
lockharte-bib-apron,alfie-bib-apron; berkeley-chefs-bib-apron; barley-apron; english-chef-apron
lola-3-4-sleeve-shirred-cuff-top,freya-shirred-cuff-soft-top; cleo-v-neck-shirred-cuff-top; marni-1-2-placket-top; ladies-reese-v-neck-top
louie-apron,barley-apron; alfie-bib-apron; colby-waist-apron; capri-waist-apron
maple-organic-tee,womens-maple-tee; wos-maple-stripe-tee; mens-staple-organic-tee
marli-stretch-tunic-t-top,4-way-stretch-tunic; ladies-florence-tunic; womens-florence-stardust-print-tunic; womens-florence-daisy-print-tunic
marni-1-2-placket-top,quinn-top; city-active-top; petal-print-top; poppy-puff-sleeve-top
mens-1-4-zip-pullover,mens-milano-pullover; mens-crew-pullover; womens-crew-pullover; womens-signature-cardiagn
mens-action-short-sleeve-tee,basis-short-sleeve-tee-mens; womens-basis-short-sleeve-tee; everyday-short-sleeve-tee-mens; black-mens-basis-long-sleeve-tee
mens-alfresco-short-sleeve-chef-jacket,al-dente-mens-chef-jacket; zest-mens-s-s-chef-jacket; zest-mens-l-s-chef-jacket; barley-apron
mens-apex-lightweight-softshell-jacket,ladies-apex-lightweight-softshell-jacket; mens-sustainable-softshell-corporate-jacket; ladies-apex-vest; printable-recycled-3-layer-softshell-jacket; mens-tailor-jacket
mens-atlas-jacket,mens-tailor-jacket; unisex-sphere-jacket; mens-apex-lightweight-softshell-jacket; mens-sustainable-softshell-corporate-jacket
mens-basic-cargo-pant-regular,mens-essential-basic-stretch-cargo-pant; womens-essential-basic-stretch-cargo-pant; mens-essential-stretch-taped-cargo-pant
mens-basic-cargo-short,mens-summer-cargo-short
mens-bio-motion-vic-rail-shirt,mens-lightweight-tradie-l-s-shirt; mens-light-weight-tradie-s-s-shirt; mens-rugged-cooling-mens-l-s-shirt; mens-rugged-cooling-hi-vis-spliced-shirt
mens-black-lace-up-derby-shoe,mens-derby; womens-derby-city; mens-courtclub; womens-court-club
mens-blake-long-sleeve-shirt,ladies-blake-long-sleeve-shirt; ladies-blake-short-sleeve-shirt; mens-blake-short-sleeve-shirt
mens-blake-short-sleeve-shirt,ladies-blake-short-sleeve-shirt; ladies-blake-long-sleeve-shirt; mens-blake-long-sleeve-shirt
mens-block-tee,mens-classic-tee; mens-state-tee; mens-ringer-tee; mens-classic-stripe-tee
mens-blue-denim-shirt-mens-dylan-short-sleeve-shirt,bradford-fine-oxford-long-sleeve-shirt; bradford-womens-fine-oxford-long-sleeve-shirt; balmoral-royal-oxford-shirt; ladies-ashton-cotton-oxford-shirt
mens-boston-chino,ladies-boston-chino; mens-lawson-chino-pant; ladies-lawson-chino-pant; lawson-ladies-chino-skirt; traveller-womens-chino-skirt; traveller-mens-tapered-chino; traveller-womens-slim-leg-chino
mens-brown-elastic-sided-boot,elastic-sided-boot; premium-elastic-sided-boot-w-scuff-cap; womens-black-zip-sided-boot; womens-wheat-zip-sided-boot; womens-stone-zip-sided-low-cut-boot
mens-classic-stripe-tee,mens-classic-tee; classic-l-s-tee; wos-maple-stripe-tee; wos-classic-l-s-tee
mens-classic-tee,mens-classic-stripe-tee; classic-l-s-tee; wos-classic-l-s-tee; mens-plus-tee
mens-comfort-back-s-s-polo,mens-comfort-waist-cargo-short; womens-comfort-waist-cargo-short; mens-comfort-waist-cargo-pant; womens-comfort-waist-cargo-pant; womens-comfort-waist-straight-leg-pant; mens-comfort-waist-flat-front-pant; glacier-mens-s-s-polos
mens-comfort-waist-cargo-pant,womens-comfort-waist-cargo-pant; womens-comfort-waist-cargo-skirt; mens-comfort-waist-flat-front-pant; womens-comfort-waist-straight-leg-pant; mens-comfort-back-s-s-polo
mens-comfort-waist-cargo-short,womens-comfort-waist-cargo-short; womens-comfort-waist-cargo-skirt; mens-comfort-back-s-s-polo
mens-comfort-waist-flat-front-pant,womens-comfort-waist-straight-leg-pant; mens-comfort-waist-cargo-pant; womens-comfort-waist-cargo-pant; womens-comfort-waist-cargo-skirt; mens-comfort-back-s-s-polo; renew-mens-slim-fit-flat-front-pant; mens-siena-slim-fit-flat-front-pant-regular
mens-courtclub,womens-court-club; mens-derby; womens-derby-city; mens-black-lace-up-derby-shoe
mens-crew-polo,ladies-crew-polo; crew-ladies-l-s-polo; crew-mens-l-s-polo; mens-crew-pullover; womens-crew-pullover
mens-crew-pullover,womens-crew-pullover; ladies-crew-polo; mens-crew-polo; crew-ladies-l-s-polo; crew-mens-l-s-polo; mens-1-4-zip-pullover; mens-milano-pullover; womens-signature-cardiagn
mens-derby,womens-derby-city; mens-black-lace-up-derby-shoe; mens-courtclub; womens-court-club
mens-essential-basic-stretch-cargo-pant,womens-essential-basic-stretch-cargo-pant; mens-essential-stretch-taped-cargo-pant; womens-essential-stretch-taped-cargo-pant; mens-essential-stretch-taped-cargo-pant-cuffed; womens-essential-stretch-taped-cargo-pant-cuffed; mens-basic-cargo-pant-regular
mens-essential-stretch-taped-cargo-pant,womens-essential-stretch-taped-cargo-pant; mens-essential-stretch-taped-cargo-pant-cuffed; mens-essential-basic-stretch-cargo-pant; womens-essential-basic-stretch-cargo-pant; womens-essential-stretch-taped-cargo-pant-cuffed
mens-essential-stretch-taped-cargo-pant-cuffed,womens-essential-stretch-taped-cargo-pant-cuffed; mens-essential-stretch-taped-cargo-pant; womens-essential-stretch-taped-cargo-pant; mens-essential-basic-stretch-cargo-pant; womens-essential-basic-stretch-cargo-pant; flx-and-move-taped-stretch-cargo-cuffed-pants; mens-streetworx-stretch-pant-non-cuffed
mens-expedition-quilted-jacket,ladies-expedition-quilted-jacket; expedition-mens-vest; alpine-ladies-puffer-jacket; alpine-mens-puffer-jacket
mens-floyd-long-sleeve,ladies-floyd-long-sleeve
mens-hi-vis-outdoor-l-s-shirt,mens-outdoor-l-s-shirt; mens-outdoor-s-s-shirt; womens-outdoor-long-sleeve-shirt; womens-outdoor-short-sleeve-shirt
mens-hi-vis-short-sleeve-shirt,mens-hi-vis-outdoor-l-s-shirt; mens-light-weight-tradie-s-s-shirt; mens-lightweight-tradie-l-s-shirt
mens-hi-vis-waterproof-lightweight-jacket,hi-vis-polar-fleece-jumper-hoop-taped; hi-vis-half-zip-polar-fleece-jumper; fluro-vest; unisex-streetworx-hooded-puffer-vest
mens-hudson-l-s-shirt,womens-hudson-l-s-shirt; ladies-memphis-shirt; ladies-madison-short-sleeve-shirt
mens-ice-polo,ladies-ice-polo
mens-ice-tee,ladies-ice-tee
mens-lawson-chino-pant,ladies-lawson-chino-pant; lawson-ladies-chino-skirt; traveller-mens-tapered-chino; ladies-boston-chino; mens-boston-chino; traveller-womens-chino-skirt; traveller-womens-slim-leg-chino
mens-leather-belt,womens-belt; mens-standard-belt; womens-slimline-belt; casual-braided-belt
mens-light-weight-tradie-s-s-shirt,womens-lightweight-tradie-s-s-shirt; mens-lightweight-tradie-l-s-shirt; mens-rugged-cooling-mens-l-s-shirt; mens-rugged-cooling-hi-vis-spliced-shirt
mens-lightweight-drill-cargo-pant,mens-midweight-drill-cargo-pant-stout; stretch-cotton-drill-cargo-pants; bisley-recycle-x-taped-hi-vis-drill-shirt; mens-basic-cargo-pant-regular; mens-essential-stretch-taped-cargo-pant
mens-lightweight-tradie-l-s-shirt,womens-lightweight-tradie-s-s-shirt; mens-light-weight-tradie-s-s-shirt; mens-rugged-cooling-mens-l-s-shirt; mens-rugged-cooling-hi-vis-spliced-shirt
mens-lotus-short-sleeve-polo,womens-lotus-short-sleeve-polo; city-mens-short-sleeve-polo; city-womens-short-sleeve-polo; cambridge-mens-short-sleeve-polo
mens-memphis-shirt,ladies-memphis-shirt; womens-charlie-3-4-shirt; womens-charlie-l-s-shirt
mens-midweight-drill-cargo-pant-stout,mens-lightweight-drill-cargo-pant; stretch-cotton-drill-cargo-pants; bisley-recycle-x-taped-hi-vis-drill-shirt; mens-basic-cargo-pant-regular; mens-essential-stretch-taped-cargo-pant
mens-milano-pullover,ladies-milano-vest; mens-1-4-zip-pullover; mens-crew-pullover; womens-zip-front-short-sleeve-knit-cardigan
mens-miller-long-sleeve-shirt,ladies-miller-long-sleeve-shirt; ladies-miller-3-4-sleeve-shirt; ladies-miller-short-sleeve-shirt; mens-miller-short-sleeve-shirt
mens-miller-short-sleeve-shirt,ladies-miller-short-sleeve-shirt; ladies-miller-3-4-sleeve-shirt; ladies-miller-long-sleeve-shirt; mens-miller-long-sleeve-shirt
mens-nicholson-premium-poplin-long-sleeve-shirt,womens-nicholson-premium-poplin-long-sleeve-shirt; mens-nicholson-premium-poplin-short-sleeve-shirt; womens-nicholson-premium-poplin-short-sleeve-shirt; premium-poplin-3-4-sleeve-shirt
mens-nicholson-premium-poplin-short-sleeve-shirt,womens-nicholson-premium-poplin-short-sleeve-shirt; mens-nicholson-premium-poplin-long-sleeve-shirt; womens-nicholson-premium-poplin-long-sleeve-shirt; premium-poplin-3-4-sleeve-shirt
mens-olympus-soft-shell-jacket,ladies-olympus-soft-shell-jacket; mens-tailor-jacket; mens-apex-lightweight-softshell-jacket; selwyn-mens-jackets
mens-outdoor-l-s-shirt,mens-outdoor-s-s-shirt; mens-hi-vis-outdoor-l-s-shirt; womens-outdoor-long-sleeve-shirt; womens-outdoor-short-sleeve-shirt
mens-outdoor-s-s-shirt,mens-outdoor-l-s-shirt; mens-hi-vis-outdoor-l-s-shirt; womens-outdoor-short-sleeve-shirt; womens-outdoor-long-sleeve-shirt
mens-phoenix-short-sleeve-polo,phoenix-womens-short-sleeve-polo; city-mens-short-sleeve-polo
mens-plain-oasis-short-sleeve-shirt,ladies-plain-oasis-short-sleeve-shirt; ladies-plain-oasis-3-4-sleeve-shirt
mens-plus-tee,mens-staple-tee; mens-classic-tee; mens-classic-stripe-tee; classic-l-s-tee
mens-riley-slim-leg-jogger-scrub-pant,womens-riley-slim-leg-jogger-scrub-pant; womens-riley-straight-leg-scrub-pant; mens-riley-straight-scrub-pant; mens-riley-v-neck-scrub-top; womens-pulse-jogger-scrub-pant; womens-pink-jogger-scrub-pant; womens-riley-v-neck-scrub-top
mens-riley-straight-scrub-pant,womens-riley-straight-leg-scrub-pant; mens-riley-slim-leg-jogger-scrub-pant; mens-riley-v-neck-scrub-top; womens-riley-v-neck-scrub-top; womens-riley-slim-leg-jogger-scrub-pant
mens-riley-v-neck-scrub-top,womens-riley-v-neck-scrub-top; mens-riley-straight-scrub-pant; womens-riley-straight-leg-scrub-pant; mens-riley-slim-leg-jogger-scrub-pant; womens-riley-slim-leg-jogger-scrub-pant; unisex-pulse-v-neck-scrub-top
mens-ringer-tee,mens-state-tee; mens-classic-tee; mens-block-tee; mens-classic-stripe-tee
mens-rugged-cooling-cargo-pant-regular,mens-rugged-cooling-stretch-pant; mens-rugged-cooling-stretch-segmented-taped-pant; mens-rugged-cooling-mens-l-s-shirt; mens-rugged-cooling-hi-vis-spliced-shirt; mens-rugged-cooling-hi-vis-spliced-s-s-shirt; mens-rugged-cooling-taped-hi-vis-spliced-s-s-shirt; mens-rugged-cooling-hi-vis-segmented-tape-l-s-shirt; mens-essential-stretch-taped-cargo-pant
mens-rugged-cooling-hi-vis-segmented-tape-l-s-shirt,mens-rugged-cooling-stretch-segmented-taped-pant; mens-rugged-cooling-hi-vis-spliced-s-s-shirt; mens-rugged-cooling-mens-l-s-shirt; mens-rugged-cooling-taped-hi-vis-spliced-s-s-shirt; mens-rugged-cooling-hi-vis-spliced-shirt; mens-rugged-cooling-stretch-pant; mens-rugged-cooling-cargo-pant-regular; l-s-190g-shirt-with-3m-tape
mens-rugged-cooling-hi-vis-spliced-s-s-shirt,mens-rugged-cooling-taped-hi-vis-spliced-s-s-shirt; mens-rugged-cooling-hi-vis-spliced-shirt; mens-rugged-cooling-hi-vis-segmented-tape-l-s-shirt; mens-rugged-cooling-mens-l-s-shirt; mens-rugged-cooling-stretch-pant; mens-rugged-cooling-cargo-pant-regular; mens-rugged-cooling-stretch-segmented-taped-pant
mens-rugged-cooling-hi-vis-spliced-shirt,mens-rugged-cooling-hi-vis-spliced-s-s-shirt; mens-rugged-cooling-taped-hi-vis-spliced-s-s-shirt; mens-rugged-cooling-hi-vis-segmented-tape-l-s-shirt; mens-rugged-cooling-mens-l-s-shirt; mens-rugged-cooling-stretch-pant; mens-rugged-cooling-cargo-pant-regular; mens-rugged-cooling-stretch-segmented-taped-pant
mens-rugged-cooling-mens-l-s-shirt,mens-rugged-cooling-hi-vis-segmented-tape-l-s-shirt; mens-rugged-cooling-hi-vis-spliced-s-s-shirt; mens-rugged-cooling-taped-hi-vis-spliced-s-s-shirt; mens-rugged-cooling-hi-vis-spliced-shirt; mens-rugged-cooling-stretch-pant; mens-rugged-cooling-cargo-pant-regular; mens-rugged-cooling-stretch-segmented-taped-pant
mens-rugged-cooling-stretch-pant,mens-rugged-cooling-stretch-segmented-taped-pant; mens-rugged-cooling-cargo-pant-regular; mens-rugged-cooling-mens-l-s-shirt; mens-rugged-cooling-hi-vis-spliced-shirt; mens-rugged-cooling-hi-vis-spliced-s-s-shirt; mens-rugged-cooling-taped-hi-vis-spliced-s-s-shirt; mens-rugged-cooling-hi-vis-segmented-tape-l-s-shirt; mens-basic-cargo-pant-regular
mens-rugged-cooling-stretch-segmented-taped-pant,mens-rugged-cooling-hi-vis-segmented-tape-l-s-shirt; mens-rugged-cooling-stretch-pant; mens-rugged-cooling-cargo-pant-regular; mens-rugged-cooling-taped-hi-vis-spliced-s-s-shirt; mens-rugged-cooling-mens-l-s-shirt; mens-rugged-cooling-hi-vis-spliced-shirt; mens-rugged-cooling-hi-vis-spliced-s-s-shirt; mens-basic-cargo-pant-regular
mens-rugged-cooling-taped-hi-vis-spliced-s-s-shirt,mens-rugged-cooling-hi-vis-spliced-s-s-shirt; mens-rugged-cooling-hi-vis-spliced-shirt; mens-rugged-cooling-hi-vis-segmented-tape-l-s-shirt; mens-rugged-cooling-mens-l-s-shirt; mens-rugged-cooling-stretch-segmented-taped-pant; mens-rugged-cooling-stretch-pant; mens-rugged-cooling-cargo-pant-regular
mens-saffron-chef-flex-pant,womens-saffron-chef-flex-pant; al-dente-mens-chef-jacket; mens-alfresco-short-sleeve-chef-jacket; barley-apron
mens-siena-2-button-jacket,siena-womens-longline-jacket; siena-womens-mid-length-jacket; mens-siena-adjustable-waist-pant; womens-siena-adjustable-waist-pant; siena-7-8-mid-waist-slim-leg-pant; mens-siena-slim-fit-flat-front-pant-regular; womens-washable-one-button-jacket; renew-womens-single-button-mid-length-jacket
mens-siena-adjustable-waist-pant,womens-siena-adjustable-waist-pant; siena-7-8-mid-waist-slim-leg-pant; mens-siena-slim-fit-flat-front-pant-regular; siena-womens-longline-jacket; mens-siena-2-button-jacket; siena-womens-mid-length-jacket; renew-womens-tapered-adjustable-waist-pant; renew-mens-adjustable-waist-straight-leg-pant
mens-siena-slim-fit-flat-front-pant-regular,siena-7-8-mid-waist-slim-leg-pant; mens-siena-adjustable-waist-pant; womens-siena-adjustable-waist-pant; mens-siena-2-button-jacket; siena-womens-longline-jacket; siena-womens-mid-length-jacket; renew-mens-slim-fit-flat-front-pant; mens-comfort-waist-flat-front-pant
mens-signature-long-sleeve-polo,womens-signature-long-sleeve-polo; mens-signature-polo; womens-signature-polo; ladies-signature-trouser; mens-signature-trouser; mens-signature-shorts; signature-hoodie; womens-signature-cardiagn
mens-signature-polo,womens-signature-polo; mens-signature-long-sleeve-polo; womens-signature-long-sleeve-polo; ladies-signature-trouser; signature-hoodie; mens-signature-shorts; mens-signature-trouser; womens-signature-cardiagn
mens-signature-shorts,mens-signature-polo; mens-signature-long-sleeve-polo; womens-signature-long-sleeve-polo; womens-signature-polo
mens-signature-trouser,ladies-signature-trouser; mens-signature-polo; mens-signature-long-sleeve-polo; signature-hoodie; womens-signature-polo; womens-signature-cardiagn; womens-signature-long-sleeve-polo
mens-soft-shell-vest,expedition-mens-vest; alpine-ladies-puffer-vest; alpine-mens-puffer-vest
mens-sonar-polo,ladies-sonar-polo
mens-soul-long-sleeve-shirt,womens-soul-long-sleeve-shirt; womens-evelyn-long-sleeve-shirt; mens-plain-oasis-short-sleeve-shirt
mens-standard-belt,womens-belt; mens-leather-belt; womens-slimline-belt; casual-braided-belt
mens-staple-organic-tee,mens-staple-tee; mens-classic-tee; mens-plus-tee
mens-staple-tee,mens-staple-organic-tee; mens-plus-tee; mens-classic-tee; mens-classic-stripe-tee
mens-state-tee,mens-ringer-tee; mens-classic-tee; mens-block-tee; mens-classic-stripe-tee
mens-stevie,
mens-streetworx-heritage-pant,mens-streetworx-heritage-short; womens-streetworx-tough-pant; mens-streetworx-stretch-pant-non-cuffed; unisex-streetworx-beanie; unisex-streetworx-hooded-puffer-vest; mens-basic-cargo-pant-regular
mens-streetworx-heritage-short,mens-streetworx-heritage-pant; unisex-streetworx-beanie; womens-streetworx-tough-pant; unisex-streetworx-hooded-puffer-vest; mens-streetworx-stretch-pant-non-cuffed
mens-streetworx-stretch-pant-non-cuffed,mens-essential-stretch-taped-cargo-pant-cuffed; womens-essential-stretch-taped-cargo-pant-cuffed; womens-streetworx-tough-pant; mens-streetworx-heritage-pant; flx-and-move-taped-stretch-cargo-cuffed-pants; unisex-streetworx-beanie; mens-streetworx-heritage-short; unisex-streetworx-hooded-puffer-vest
mens-stretch-slimfit-boston-chino-shorts,ladies-stretch-slimfit-boston-chino-shorts; lawson-ladies-chino-short; traveller-womens-chino-skirt; lawson-ladies-chino-skirt
mens-summer-cargo-short,mens-basic-cargo-short; womens-comfort-waist-cargo-short
mens-sustainable-poly-cotton-corporate-ss-polo,ladies-sustainable-poly-cotton-corporate-ss-polo
mens-sustainable-softshell-corporate-jacket,ladies-apex-lightweight-softshell-jacket; mens-apex-lightweight-softshell-jacket; printable-recycled-3-layer-softshell-jacket; unisex-sphere-jacket; mens-atlas-jacket
mens-tailor-jacket,womens-tailor-jacket; ladies-geneva-jacket; ladies-apex-lightweight-softshell-jacket; mens-apex-lightweight-softshell-jacket
mens-taped-utility-pant-regular,mens-basic-cargo-pant-regular; mens-essential-stretch-taped-cargo-pant; mens-essential-stretch-taped-cargo-pant-cuffed; mens-essential-basic-stretch-cargo-pant
mens-tokyo-scrub-top,womens-tokyo-scrub-top; mens-riley-v-neck-scrub-top; unisex-pulse-v-neck-scrub-top; womens-riley-v-neck-scrub-top
mens-v-neck-contrast-trim-scrub-top,ladies-scrub-v-neck-contrast-trim-top; mens-riley-v-neck-scrub-top; unisex-pulse-v-neck-scrub-top; womens-riley-v-neck-scrub-top
mens-venture-short-sleeve-polo,womens-venture-short-sleeve-polo; womens-venture-pant; cambridge-mens-short-sleeve-polo
mens-washable-jacket,womens-washable-one-button-jacket; mens-washable-pant; womens-washable-slim-leg-pant
mens-washable-pant,womens-washable-slim-leg-pant; mens-washable-jacket; womens-washable-pencil-skirt; womens-washable-a-line-skirt; womens-washable-one-button-jacket; mens-siena-adjustable-waist-pant
mens-westgarth-gingham-long-sleeve-shirt,westgarth-gingham-3-4-sleeve-shirt; mens-westgarth-gingham-long-sleeve-slim-fit-shirt; mens-westgarth-gingham-short-sleeve-shirt; womens-westgarth-gingham-short-sleeve-shirt; westgarth-gingham-long-sleeve-slim-fit-shirt; womens-westgarth-gingham-long-sleeve-slim-fit-shirt
mens-westgarth-gingham-long-sleeve-slim-fit-shirt,westgarth-gingham-long-sleeve-slim-fit-shirt; womens-westgarth-gingham-long-sleeve-slim-fit-shirt; mens-westgarth-gingham-long-sleeve-shirt; mens-westgarth-gingham-short-sleeve-shirt; westgarth-gingham-3-4-sleeve-shirt; womens-westgarth-gingham-short-sleeve-shirt
mens-westgarth-gingham-short-sleeve-shirt,womens-westgarth-gingham-short-sleeve-shirt; westgarth-gingham-3-4-sleeve-shirt; mens-westgarth-gingham-long-sleeve-shirt; mens-westgarth-gingham-long-sleeve-slim-fit-shirt; westgarth-gingham-long-sleeve-slim-fit-shirt; womens-westgarth-gingham-long-sleeve-slim-fit-shirt
mens-zipsider-boot,elastic-sided-boot; womens-black-zip-sided-boot; mens-brown-elastic-sided-boot; womens-stone-zip-sided-low-cut-boot
mesh-flat-top-hat,mesh-sports-cap; trucker-mesh-cap; organic-brushed-heavy-cotton-mesh-back-cap; chefs-cap
mesh-sports-cap,trucker-mesh-cap; organic-brushed-heavy-cotton-mesh-back-cap; heavy-brushed-cotton-cap; mesh-flat-top-hat
monarch-re-al-ball-pen,the-heritage-wooden-metal-ball-pen; smartscribe-re-al-nfc-pen; bloa-pen; paper-pen; tirana-pen; the-gravity-3-1-metal-pen; rabs-mini-ballpoint-pen; cambridge-colorful-gel-ink-pen
montreal-cool-vent-chef-jacket,zest-womens-chef-jacket; springfield-chef-jacket; zest-mens-s-s-chef-jacket; berkeley-chefs-bib-apron
nepal-chef-jacket,springfield-chef-jacket; zest-mens-s-s-chef-jacket; montreal-cool-vent-chef-jacket; berkeley-chefs-bib-apron
nomad-dad-hat,dad-hat; access-cap; heavy-brushed-cotton-cap; bamboo-cap
nova-mens-knit-jacket,nova-womens-knit-jacket; nova-mens-knit-vest; womens-zip-front-short-sleeve-knit-cardigan
nova-mens-knit-vest,nova-mens-knit-jacket; nova-womens-knit-jacket; womens-zip-front-short-sleeve-knit-cardigan
nova-womens-knit-jacket,nova-mens-knit-jacket; nova-mens-knit-vest; womens-zip-front-short-sleeve-knit-cardigan
nylon-bucket-hat,nylon-wide-brim-bucket-hat; wide-brim-bucket-hat; premium-rpet-bucket-hat; mesh-flat-top-hat
nylon-wide-brim-bucket-hat,wide-brim-bucket-hat; nylon-bucket-hat; premium-rpet-bucket-hat; mesh-flat-top-hat
oakleigh-coffee-cup-354ml,vienna-coffee-cup-silicone-lid; vienna-coffee-cup-snap-lid-cork-band; allegra-750ml-bottle; arlo-1l-glass-water-bottle; byron-1l-drink-bottle; vidro-750ml-bottle; summit-750ml-drink-bottle; sunrise-smoothie-500ml-tumbler
olsen-cotton-stretch-shirt-slim-fit,balmoral-royal-oxford-shirt; mens-westgarth-gingham-long-sleeve-shirt; mens-nicholson-premium-poplin-long-sleeve-shirt; bradford-fine-oxford-long-sleeve-shirt
organic-brushed-heavy-cotton-mesh-back-cap,heavy-brushed-cotton-cap; trucker-mesh-cap; mesh-sports-cap; mesh-flat-top-hat
organic-cotton-sandwich-cap,pet-cotton-sandwich-cap; access-cap; bamboo-cap; premium-rpet-cap
paper-pen,bloa-pen; tirana-pen; the-gravity-3-1-metal-pen; rabs-mini-ballpoint-pen; smartscribe-re-al-nfc-pen; monarch-re-al-ball-pen; cambridge-colorful-gel-ink-pen; the-heritage-wooden-metal-ball-pen
pet-cotton-sandwich-cap,organic-cotton-sandwich-cap; access-cap; bamboo-cap; premium-rpet-cap
petal-print-top,heart-print-tunic; womens-florence-stardust-print-tunic; womens-florence-daisy-print-tunic; womens-florence-daisy-print-short-sleeve-shirt; marni-1-2-placket-top; city-active-top; poppy-puff-sleeve-top; cleo-v-neck-shirred-cuff-top
phoenix-womens-short-sleeve-polo,mens-phoenix-short-sleeve-polo; city-womens-short-sleeve-polo
poppy-puff-sleeve-top,city-active-top; marni-1-2-placket-top; petal-print-top; cleo-v-neck-shirred-cuff-top
premium-elastic-sided-boot-w-scuff-cap,elastic-sided-boot; mens-brown-elastic-sided-boot; womens-black-zip-sided-boot; womens-wheat-zip-sided-boot; womens-stone-zip-sided-low-cut-boot
premium-poplin-3-4-sleeve-shirt,mens-nicholson-premium-poplin-long-sleeve-shirt; womens-nicholson-premium-poplin-long-sleeve-shirt; mens-nicholson-premium-poplin-short-sleeve-shirt; womens-nicholson-premium-poplin-short-sleeve-shirt
premium-rpet-bucket-hat,premium-rpet-cap; nylon-bucket-hat; wide-brim-bucket-hat; nylon-wide-brim-bucket-hat
premium-rpet-cap,premium-rpet-bucket-hat; bamboo-cap; organic-cotton-sandwich-cap; pet-cotton-sandwich-cap
printable-recycled-3-layer-softshell-jacket,ladies-apex-lightweight-softshell-jacket; mens-apex-lightweight-softshell-jacket; mens-sustainable-softshell-corporate-jacket; selwyn-lady-jacket; arches-womens-padded-jacket
quinn-top,marni-1-2-placket-top; ladies-reese-v-neck-top; lola-3-4-sleeve-shirred-cuff-top; cleo-v-neck-shirred-cuff-top
rabs-mini-ballpoint-pen,tirana-pen; bloa-pen; paper-pen; the-gravity-3-1-metal-pen; monarch-re-al-ball-pen; smartscribe-re-al-nfc-pen; cambridge-colorful-gel-ink-pen; the-heritage-wooden-metal-ball-pen
rara-cooler-bag,the-buddy-drawstring-bag; eco-nova-computer-backpack; thule-achiever-16-laptop-backpack; willow-natural-tote
recycle-taped-biomotion-cargo-work-pant,mens-essential-stretch-taped-cargo-pant; womens-essential-stretch-taped-cargo-pant; flx-and-move-taped-stretch-cargo-cuffed-pants; stretch-cotton-drill-cargo-pants
recycled-breathable-poly-twill-cap,access-cap; trucker-mesh-cap; organic-brushed-heavy-cotton-mesh-back-cap; premium-rpet-bucket-hat
renew-mens-adjustable-waist-straight-leg-pant,renew-womens-tapered-adjustable-waist-pant; renew-womens-7-8-mid-waist-slim-leg-pant; renew-mens-slim-fit-flat-front-pant; renew-mens-city-fit-jacket; renew-womens-functional-pencil-skirt; renew-womens-double-breasted-longline-jacket; renew-womens-single-button-mid-length-jacket; mens-siena-adjustable-waist-pant; womens-siena-adjustable-waist-pant
renew-mens-city-fit-jacket,renew-womens-double-breasted-longline-jacket; renew-womens-single-button-mid-length-jacket; renew-mens-slim-fit-flat-front-pant; city-active-pant; city-mens-short-sleeve-polo; city-womens-short-sleeve-polo; renew-womens-tapered-adjustable-waist-pant; renew-womens-7-8-mid-waist-slim-leg-pant; renew-mens-adjustable-waist-straight-leg-pant; ladies-bianca-jacket; mens-siena-2-button-jacket
renew-mens-slim-fit-flat-front-pant,renew-womens-7-8-mid-waist-slim-leg-pant; renew-womens-tapered-adjustable-waist-pant; renew-mens-adjustable-waist-straight-leg-pant; renew-mens-city-fit-jacket; renew-womens-functional-pencil-skirt; renew-womens-double-breasted-longline-jacket; renew-womens-single-button-mid-length-jacket; mens-comfort-waist-flat-front-pant
renew-womens-7-8-mid-waist-slim-leg-pant,renew-mens-adjustable-waist-straight-leg-pant; renew-womens-tapered-adjustable-waist-pant; renew-mens-slim-fit-flat-front-pant; renew-womens-single-button-mid-length-jacket; renew-mens-city-fit-jacket; renew-womens-functional-pencil-skirt; renew-womens-double-breasted-longline-jacket; siena-7-8-mid-waist-slim-leg-pant
renew-womens-double-breasted-longline-jacket,siena-womens-longline-jacket; renew-mens-city-fit-jacket; renew-womens-single-button-mid-length-jacket; renew-womens-tapered-adjustable-waist-pant; renew-mens-adjustable-waist-straight-leg-pant; renew-mens-slim-fit-flat-front-pant; renew-womens-7-8-mid-waist-slim-leg-pant; ladies-bianca-jacket
renew-womens-functional-pencil-skirt,womens-bandless-pencil-skirt; womens-washable-pencil-skirt; cool-stretch-womens-mid-waist-pencil-skirt; renew-womens-7-8-mid-waist-slim-leg-pant; renew-womens-tapered-adjustable-waist-pant; renew-mens-slim-fit-flat-front-pant; renew-mens-adjustable-waist-straight-leg-pant
renew-womens-short-sleeve-dress,womens-grace-t-shirt-midi-dress
renew-womens-single-button-mid-length-jacket,renew-mens-city-fit-jacket; renew-womens-double-breasted-longline-jacket; renew-womens-7-8-mid-waist-slim-leg-pant; renew-womens-tapered-adjustable-waist-pant; renew-mens-adjustable-waist-straight-leg-pant; renew-mens-slim-fit-flat-front-pant; siena-womens-mid-length-jacket; mens-siena-2-button-jacket; womens-washable-one-button-jacket
renew-womens-tapered-adjustable-waist-pant,renew-mens-adjustable-waist-straight-leg-pant; renew-womens-7-8-mid-waist-slim-leg-pant; renew-mens-slim-fit-flat-front-pant; renew-mens-city-fit-jacket; renew-womens-functional-pencil-skirt; renew-womens-double-breasted-longline-jacket; renew-womens-single-button-mid-length-jacket; womens-siena-adjustable-waist-pant; cool-stretch-womens-tapered-leg-adjustable-waist-pant
royal-oxford-3-4-sleeve-shirt,balmoral-royal-oxford-shirt; bradford-fine-oxford-long-sleeve-shirt; bradford-womens-fine-oxford-long-sleeve-shirt; ladies-ashton-cotton-oxford-shirt
selwyn-lady-jacket,selwyn-mens-jackets; selwyn-mens-vest; arches-womens-padded-jacket
selwyn-mens-jackets,selwyn-lady-jacket; selwyn-mens-vest; mens-tailor-jacket; ladies-olympus-soft-shell-jacket; mens-olympus-soft-shell-jacket; mens-apex-lightweight-softshell-jacket
selwyn-mens-vest,selwyn-lady-jacket; selwyn-mens-jackets; arches-mens-padded-vest
short-waisted-apron,clout-apron; barley-apron; urban-1-2-waist-apron; unisex-salt-bib-apron
siena-7-8-mid-waist-slim-leg-pant,mens-siena-adjustable-waist-pant; womens-siena-adjustable-waist-pant; mens-siena-slim-fit-flat-front-pant-regular; siena-womens-mid-length-jacket; siena-womens-longline-jacket; mens-siena-2-button-jacket; womens-washable-slim-leg-pant; womens-cool-stretch-bandless-slim-leg-pant
siena-womens-longline-jacket,mens-siena-2-button-jacket; siena-womens-mid-length-jacket; renew-womens-double-breasted-longline-jacket; mens-siena-adjustable-waist-pant; womens-siena-adjustable-waist-pant; siena-7-8-mid-waist-slim-leg-pant; mens-siena-slim-fit-flat-front-pant-regular; ladies-bianca-jacket
siena-womens-mid-length-jacket,siena-womens-longline-jacket; mens-siena-2-button-jacket; siena-7-8-mid-waist-slim-leg-pant; mens-siena-adjustable-waist-pant; womens-siena-adjustable-waist-pant; mens-siena-slim-fit-flat-front-pant-regular; renew-womens-single-button-mid-length-jacket; ladies-bianca-jacket
signature-hoodie,womens-signature-cardiagn; mens-signature-long-sleeve-polo; mens-signature-polo; womens-signature-polo; ladies-signature-trouser; mens-signature-trouser; womens-signature-long-sleeve-polo; ladies-expedition-quilted-jacket
silvertech-polo-ladies,silvertech-polo-mens; ladies-ice-polo; mens-ice-polo; superdry-polo-ladies
silvertech-polo-mens,silvertech-polo-ladies; ladies-ice-polo; mens-ice-polo
slip-on-shoe,mens-black-lace-up-derby-shoe; mens-derby; mens-courtclub; womens-court-club
slouch-hat-with-break-away-clip-strap,canvas-hat; chefs-cap; access-cap; bamboo-cap
smart-knit-3-4,smart-knit-top; womens-zip-front-short-sleeve-knit-cardigan
smart-knit-top,smart-knit-3-4; womens-zip-front-short-sleeve-knit-cardigan
smartscribe-re-al-nfc-pen,monarch-re-al-ball-pen; paper-pen; tirana-pen; bloa-pen; the-gravity-3-1-metal-pen; rabs-mini-ballpoint-pen; cambridge-colorful-gel-ink-pen; the-heritage-wooden-metal-ball-pen
snowy-lady-vests,snowy-mens-vests; expedition-mens-vest; alpine-ladies-puffer-vest; alpine-mens-puffer-vest
snowy-mens-vests,snowy-lady-vests; expedition-mens-vest; alpine-ladies-puffer-vest; alpine-mens-puffer-vest
so-ezy-pant,ladies-bella-pant; womens-venture-pant
springfield-chef-jacket,zest-womens-chef-jacket; zest-mens-s-s-chef-jacket; montreal-cool-vent-chef-jacket; berkeley-chefs-bib-apron
springfield-womens-3-4-sleeve-shirt,ladies-plain-oasis-3-4-sleeve-shirt; ladies-plain-oasis-short-sleeve-shirt; womens-charlie-3-4-shirt; ladies-memphis-shirt
standard-jeans-mens-r-jean,
stone-paper-notebook,tourist-a5-notebook; amazon-bamboo-notebook
stretch-cotton-drill-cargo-pants,mens-lightweight-drill-cargo-pant; mens-midweight-drill-cargo-pant-stout; bisley-recycle-x-taped-hi-vis-drill-shirt; mens-essential-stretch-taped-cargo-pant; womens-essential-stretch-taped-cargo-pant
summit-750ml-drink-bottle,vidro-750ml-bottle; allegra-750ml-bottle; byron-1l-drink-bottle; arlo-1l-glass-water-bottle; sunrise-smoothie-500ml-tumbler; vienna-coffee-cup-snap-lid-cork-band; oakleigh-coffee-cup-354ml; vienna-coffee-cup-silicone-lid
sunrise-smoothie-500ml-tumbler,allegra-750ml-bottle; byron-1l-drink-bottle; arlo-1l-glass-water-bottle; oakleigh-coffee-cup-354ml; summit-750ml-drink-bottle; vidro-750ml-bottle; vienna-coffee-cup-silicone-lid; vienna-coffee-cup-snap-lid-cork-band
superdry-polo-ladies,superdry-polo-mens; silvertech-polo-ladies; freshen-polo-ladies; ladies-cambridge-polo
superdry-polo-mens,superdry-polo-ladies; ladies-contrast-polo
surf-hat,nomad-dad-hat; mesh-sports-cap; access-cap; heavy-brushed-cotton-cap
sydney-t-top,womens-marley-jersey-t-top; city-active-top; ladies-reese-v-neck-top; cleo-v-neck-shirred-cuff-top
taped-hi-vis-cool-lightweight-s-s-shirt,taped-hi-vis-cool-lightweight-shirt; womens-cool-stretch-bandless-slim-leg-pant; cool-stretch-womens-tapered-leg-adjustable-waist-pant; bisley-recycle-x-taped-hi-vis-drill-shirt; mens-bio-motion-vic-rail-shirt
taped-hi-vis-cool-lightweight-shirt,taped-hi-vis-cool-lightweight-s-s-shirt; womens-cool-stretch-bandless-slim-leg-pant; cool-stretch-womens-tapered-leg-adjustable-waist-pant; mens-lightweight-tradie-l-s-shirt; mens-bio-motion-vic-rail-shirt
taylor-top,poppy-puff-sleeve-top; ladies-reese-v-neck-top; lola-3-4-sleeve-shirred-cuff-top; cleo-v-neck-shirred-cuff-top
the-buddy-drawstring-bag,rara-cooler-bag; thule-achiever-16-laptop-backpack; eco-nova-computer-backpack; willow-natural-tote
the-gravity-3-1-metal-pen,the-heritage-wooden-metal-ball-pen; tirana-pen; paper-pen; bloa-pen; rabs-mini-ballpoint-pen; monarch-re-al-ball-pen; smartscribe-re-al-nfc-pen; cambridge-colorful-gel-ink-pen
the-heritage-wooden-metal-ball-pen,monarch-re-al-ball-pen; the-gravity-3-1-metal-pen; paper-pen; bloa-pen; tirana-pen; rabs-mini-ballpoint-pen; smartscribe-re-al-nfc-pen; cambridge-colorful-gel-ink-pen
thule-achiever-16-laptop-backpack,darani-grs-recycled-canvas-anti-theft-15-21l-laptop-backpack; urban-sports-backpack; eco-nova-computer-backpack; darani-15-19l-computer-backpack-in-repreve-recycled-material
tirana-pen,bloa-pen; paper-pen; the-gravity-3-1-metal-pen; rabs-mini-ballpoint-pen; smartscribe-re-al-nfc-pen; monarch-re-al-ball-pen; cambridge-colorful-gel-ink-pen; the-heritage-wooden-metal-ball-pen
tourist-a5-notebook,stone-paper-notebook; amazon-bamboo-notebook
traveller-mens-tapered-chino,traveller-womens-chino-skirt; traveller-womens-slim-leg-chino; ladies-lawson-chino-pant; mens-lawson-chino-pant; ladies-boston-chino; mens-boston-chino; lawson-ladies-chino-skirt
traveller-womens-chino-skirt,traveller-mens-tapered-chino; traveller-womens-slim-leg-chino; lawson-ladies-chino-skirt; ladies-lawson-chino-pant; ladies-boston-chino; mens-boston-chino; lawson-ladies-chino-short; mens-lawson-chino-pant; ladies-stretch-slimfit-boston-chino-shorts; mens-stretch-slimfit-boston-chino-shorts
traveller-womens-slim-leg-chino,traveller-mens-tapered-chino; traveller-womens-chino-skirt; ladies-lawson-chino-pant; mens-lawson-chino-pant; ladies-boston-chino; mens-boston-chino; lawson-ladies-chino-skirt
trucker-cap,trucker-mesh-cap; access-cap; bamboo-cap; dad-hat
trucker-mesh-cap,trucker-cap; mesh-sports-cap; organic-brushed-heavy-cotton-mesh-back-cap; mesh-flat-top-hat
unisex-a-bright-future-essence-polo-shirt,a-bright-future-essence-polo-shirt; unisex-future-dreaming-essence-polo-shirt; unisex-guiding-light-black-bamboo-simpson-polo-shirt
unisex-charger-jacket,ladies-geneva-jacket; alpine-ladies-puffer-jacket; alpine-mens-puffer-jacket; ladies-apex-lightweight-softshell-jacket
unisex-family-black-bamboo-simpson-polo-shirt,unisex-guiding-light-black-bamboo-simpson-polo-shirt; unisex-knowledge-holders-black-bamboo-simpson-polo-shirt; unisex-mountains-white-bamboo-simpson-polo-shirt
unisex-future-dreaming-essence-polo-shirt,a-bright-future-essence-polo-shirt; unisex-a-bright-future-essence-polo-shirt
unisex-guiding-light-black-bamboo-simpson-polo-shirt,unisex-family-black-bamboo-simpson-polo-shirt; unisex-knowledge-holders-black-bamboo-simpson-polo-shirt; unisex-mountains-white-bamboo-simpson-polo-shirt
unisex-knowledge-holders-black-bamboo-simpson-polo-shirt,unisex-family-black-bamboo-simpson-polo-shirt; unisex-guiding-light-black-bamboo-simpson-polo-shirt; unisex-mountains-white-bamboo-simpson-polo-shirt
unisex-legacy-polo-shirt,unisex-future-dreaming-essence-polo-shirt; unisex-a-bright-future-essence-polo-shirt; unisex-family-black-bamboo-simpson-polo-shirt; unisex-guiding-light-black-bamboo-simpson-polo-shirt
unisex-mountains-white-bamboo-simpson-polo-shirt,unisex-family-black-bamboo-simpson-polo-shirt; unisex-guiding-light-black-bamboo-simpson-polo-shirt; unisex-knowledge-holders-black-bamboo-simpson-polo-shirt
unisex-pulse-straight-leg-scrub-pant,womens-pulse-jogger-scrub-pant; unisex-pulse-v-neck-scrub-top; womens-pulse-v-neck-scrub-top; mens-riley-slim-leg-jogger-scrub-pant
unisex-pulse-v-neck-scrub-top,womens-pulse-v-neck-scrub-top; womens-pulse-jogger-scrub-pant; unisex-pulse-straight-leg-scrub-pant; mens-riley-v-neck-scrub-top
unisex-salt-bib-apron,clout-apron; barley-apron; short-waisted-apron; urban-1-2-waist-apron
unisex-sphere-jacket,ladies-geneva-jacket; mens-atlas-jacket; ladies-apex-lightweight-softshell-jacket; mens-apex-lightweight-softshell-jacket
unisex-streetworx-beanie,womens-streetworx-tough-pant; mens-streetworx-heritage-pant; mens-streetworx-heritage-short; unisex-streetworx-hooded-puffer-vest; mens-streetworx-stretch-pant-non-cuffed; access-cap
unisex-streetworx-hooded-puffer-vest,alpine-ladies-puffer-vest; alpine-mens-puffer-vest; unisex-streetworx-beanie; mens-streetworx-heritage-short; mens-streetworx-heritage-pant; womens-streetworx-tough-pant; alpine-ladies-puffer-jacket; alpine-mens-puffer-jacket; mens-streetworx-stretch-pant-non-cuffed; fluro-vest; hi-vis-polar-fleece-jumper-hoop-taped; hi-vis-half-zip-polar-fleece-jumper; mens-hi-vis-waterproof-lightweight-jacket
urban-1-2-waist-apron,urban-bib-apron; clout-apron; barley-apron; short-waisted-apron
urban-bib-apron,urban-1-2-waist-apron; barley-apron; clout-apron; short-waisted-apron
urban-sports-backpack,thule-achiever-16-laptop-backpack; eco-nova-computer-backpack; darani-15-19l-computer-backpack-in-repreve-recycled-material; darani-grs-recycled-canvas-anti-theft-15-21l-laptop-backpack
vidro-750ml-bottle,allegra-750ml-bottle; summit-750ml-drink-bottle; byron-1l-drink-bottle; arlo-1l-glass-water-bottle; sunrise-smoothie-500ml-tumbler; oakleigh-coffee-cup-354ml; vienna-coffee-cup-snap-lid-cork-band; vienna-coffee-cup-silicone-lid
vienna-coffee-cup-silicone-lid,vienna-coffee-cup-snap-lid-cork-band; oakleigh-coffee-cup-354ml; allegra-750ml-bottle; arlo-1l-glass-water-bottle; sunrise-smoothie-500ml-tumbler; vidro-750ml-bottle; byron-1l-drink-bottle; summit-750ml-drink-bottle
vienna-coffee-cup-snap-lid-cork-band,vienna-coffee-cup-silicone-lid; oakleigh-coffee-cup-354ml; allegra-750ml-bottle; summit-750ml-drink-bottle; vidro-750ml-bottle; byron-1l-drink-bottle; sunrise-smoothie-500ml-tumbler; arlo-1l-glass-water-bottle
waist-canvas-apron-including-strap,canvas-apron; barley-apron; alfie-bib-apron; berkeley-chefs-bib-apron
westgarth-gingham-3-4-sleeve-shirt,mens-westgarth-gingham-long-sleeve-shirt; mens-westgarth-gingham-short-sleeve-shirt; womens-westgarth-gingham-short-sleeve-shirt; westgarth-gingham-long-sleeve-slim-fit-shirt; mens-westgarth-gingham-long-sleeve-slim-fit-shirt; womens-westgarth-gingham-long-sleeve-slim-fit-shirt
westgarth-gingham-long-sleeve-slim-fit-shirt,mens-westgarth-gingham-long-sleeve-slim-fit-shirt; womens-westgarth-gingham-long-sleeve-slim-fit-shirt; westgarth-gingham-3-4-sleeve-shirt; womens-westgarth-gingham-short-sleeve-shirt; mens-westgarth-gingham-long-sleeve-shirt; mens-westgarth-gingham-short-sleeve-shirt
wide-brim-bucket-hat,nylon-wide-brim-bucket-hat; nylon-bucket-hat; premium-rpet-bucket-hat; access-cap
willow-natural-tote,eco-nova-computer-backpack; rara-cooler-bag; the-buddy-drawstring-bag; thule-achiever-16-laptop-backpack
womens-aria-fluted-sleeve-blouse,ladies-madison-long-sleeve-blouse; womens-ruche-short-sleeve-blouse; womens-evelyn-long-sleeve-blouse; womens-evelyn-short-sleeve-blouse; womens-ruche-long-sleeve-blouse; womens-estelle-pleat-blouse; ladies-madison-boatneck-blouse; womens-kayla-v-neck-pleat-blouse
womens-avery-multi-pocket-straight-leg-pant,unisex-pulse-straight-leg-scrub-pant; womens-riley-straight-leg-scrub-pant; womens-riley-slim-leg-jogger-scrub-pant
womens-bandless-elastic-waist-pant,womens-cool-stretch-bandless-slim-leg-pant; womens-bandless-pencil-skirt; womens-siena-adjustable-waist-pant; siena-7-8-mid-waist-slim-leg-pant
womens-bandless-pencil-skirt,womens-washable-pencil-skirt; renew-womens-functional-pencil-skirt; cool-stretch-womens-mid-waist-pencil-skirt; womens-bandless-elastic-waist-pant; womens-cool-stretch-bandless-slim-leg-pant
womens-basis-long-sleeve-tee,black-mens-basis-long-sleeve-tee; basis-short-sleeve-tee-mens; womens-basis-short-sleeve-tee; womens-everyday-short-sleeve-tee
womens-basis-short-sleeve-tee,basis-short-sleeve-tee-mens; womens-basis-long-sleeve-tee; black-mens-basis-long-sleeve-tee; womens-everyday-short-sleeve-tee
womens-belt,mens-leather-belt; mens-standard-belt; womens-slimline-belt; casual-braided-belt
womens-black-zip-sided-boot,womens-wheat-zip-sided-boot; womens-stone-zip-sided-low-cut-boot; elastic-sided-boot; mens-brown-elastic-sided-boot; premium-elastic-sided-boot-w-scuff-cap
womens-charlie-3-4-shirt,womens-charlie-s-s-shirt; womens-charlie-l-s-shirt; ladies-memphis-shirt; mens-memphis-shirt
womens-charlie-l-s-shirt,womens-charlie-s-s-shirt; womens-charlie-3-4-shirt; ladies-memphis-shirt; mens-memphis-shirt
womens-charlie-s-s-shirt,womens-charlie-l-s-shirt; womens-charlie-3-4-shirt; ladies-memphis-shirt
womens-comfort-waist-cargo-pant,mens-comfort-waist-cargo-pant; womens-comfort-waist-cargo-skirt; mens-comfort-waist-flat-front-pant; womens-comfort-waist-straight-leg-pant; mens-comfort-back-s-s-polo
womens-comfort-waist-cargo-short,mens-comfort-waist-cargo-short; womens-comfort-waist-cargo-skirt; mens-comfort-back-s-s-polo
womens-comfort-waist-cargo-skirt,mens-comfort-waist-cargo-short; womens-comfort-waist-cargo-short; mens-comfort-waist-cargo-pant; womens-comfort-waist-cargo-pant; mens-comfort-waist-flat-front-pant; womens-comfort-waist-straight-leg-pant
womens-comfort-waist-straight-leg-pant,mens-comfort-waist-cargo-pant; womens-comfort-waist-cargo-pant; mens-comfort-waist-flat-front-pant; womens-comfort-waist-cargo-skirt; mens-comfort-back-s-s-polo; cool-stretch-womens-tapered-leg-adjustable-waist-pant
womens-cool-stretch-bandless-slim-leg-pant,cool-stretch-womens-tapered-leg-adjustable-waist-pant; womens-bandless-elastic-waist-pant; cool-stretch-womens-mid-waist-pencil-skirt; womens-bandless-pencil-skirt; taped-hi-vis-cool-lightweight-shirt; taped-hi-vis-cool-lightweight-s-s-shirt; womens-washable-slim-leg-pant; siena-7-8-mid-waist-slim-leg-pant
womens-court-club,mens-courtclub; womens-derby-city; mens-derby; mens-black-lace-up-derby-shoe
womens-crew-pullover,mens-crew-pullover; ladies-crew-polo; mens-crew-polo; crew-ladies-l-s-polo; crew-mens-l-s-polo; mens-1-4-zip-pullover; womens-signature-cardiagn; womens-zip-front-short-sleeve-knit-cardigan
womens-derby-city,mens-derby; mens-black-lace-up-derby-shoe; womens-court-club; mens-courtclub
womens-essential-basic-stretch-cargo-pant,mens-essential-basic-stretch-cargo-pant; mens-essential-stretch-taped-cargo-pant; womens-essential-stretch-taped-cargo-pant; mens-essential-stretch-taped-cargo-pant-cuffed; womens-essential-stretch-taped-cargo-pant-cuffed; mens-basic-cargo-pant-regular
womens-essential-stretch-taped-cargo-pant,mens-essential-stretch-taped-cargo-pant; womens-essential-stretch-taped-cargo-pant-cuffed; mens-essential-basic-stretch-cargo-pant; womens-essential-basic-stretch-cargo-pant; mens-essential-stretch-taped-cargo-pant-cuffed
womens-essential-stretch-taped-cargo-pant-cuffed,mens-essential-stretch-taped-cargo-pant-cuffed; mens-essential-stretch-taped-cargo-pant; womens-essential-stretch-taped-cargo-pant; womens-essential-basic-stretch-cargo-pant; mens-essential-basic-stretch-cargo-pant; flx-and-move-taped-stretch-cargo-cuffed-pants; mens-streetworx-stretch-pant-non-cuffed
womens-estelle-pleat-blouse,womens-kayla-v-neck-pleat-blouse; womens-ruche-short-sleeve-blouse; womens-evelyn-short-sleeve-blouse; ladies-madison-long-sleeve-blouse; ladies-madison-boatneck-blouse; womens-evelyn-long-sleeve-blouse; womens-ruche-long-sleeve-blouse; womens-aria-fluted-sleeve-blouse
womens-evelyn-long-sleeve-blouse,womens-evelyn-short-sleeve-blouse; womens-evelyn-long-sleeve-shirt; womens-ruche-long-sleeve-blouse; ladies-madison-long-sleeve-blouse; womens-ruche-short-sleeve-blouse; womens-aria-fluted-sleeve-blouse; womens-estelle-pleat-blouse; ladies-madison-boatneck-blouse; womens-kayla-v-neck-pleat-blouse
womens-evelyn-long-sleeve-shirt,womens-evelyn-long-sleeve-blouse; womens-evelyn-short-sleeve-blouse; mens-soul-long-sleeve-shirt; womens-soul-long-sleeve-shirt
womens-evelyn-short-sleeve-blouse,womens-evelyn-long-sleeve-blouse; womens-ruche-short-sleeve-blouse; womens-ruche-long-sleeve-blouse; ladies-madison-long-sleeve-blouse; womens-evelyn-long-sleeve-shirt; womens-aria-fluted-sleeve-blouse; womens-estelle-pleat-blouse; ladies-madison-boatneck-blouse; womens-kayla-v-neck-pleat-blouse
womens-everyday-short-sleeve-tee,everyday-short-sleeve-tee-mens; basis-short-sleeve-tee-mens; womens-basis-short-sleeve-tee; womens-basis-long-sleeve-tee
womens-florence-daisy-print-short-sleeve-shirt,womens-florence-daisy-print-tunic; womens-florence-stardust-print-tunic; ladies-florence-tunic; heart-print-tunic; petal-print-top; ladies-plain-oasis-short-sleeve-shirt; ladies-plain-oasis-3-4-sleeve-shirt
womens-florence-daisy-print-tunic,womens-florence-daisy-print-short-sleeve-shirt; womens-florence-stardust-print-tunic; ladies-florence-tunic; heart-print-tunic; petal-print-top
womens-florence-stardust-print-tunic,womens-florence-daisy-print-tunic; womens-florence-daisy-print-short-sleeve-shirt; ladies-florence-tunic; heart-print-tunic; petal-print-top
womens-front-pleat-detail-straight-skirt,womens-multi-pleat-skirt
womens-grace-t-shirt-midi-dress,renew-womens-short-sleeve-dress
womens-hudson-l-s-shirt,mens-hudson-l-s-shirt; ladies-memphis-shirt; ladies-madison-short-sleeve-shirt
womens-kayla-v-neck-pleat-blouse,womens-estelle-pleat-blouse; ladies-madison-long-sleeve-blouse; womens-evelyn-short-sleeve-blouse; womens-ruche-short-sleeve-blouse; ladies-madison-boatneck-blouse; womens-aria-fluted-sleeve-blouse; womens-evelyn-long-sleeve-blouse; womens-ruche-long-sleeve-blouse
womens-lightweight-tradie-s-s-shirt,mens-lightweight-tradie-l-s-shirt; mens-light-weight-tradie-s-s-shirt; mens-rugged-cooling-mens-l-s-shirt; mens-rugged-cooling-hi-vis-spliced-shirt
womens-lotus-short-sleeve-polo,mens-lotus-short-sleeve-polo; city-mens-short-sleeve-polo; city-womens-short-sleeve-polo; cambridge-mens-short-sleeve-polo
womens-maple-tee,maple-organic-tee; wos-maple-stripe-tee; mens-classic-stripe-tee
womens-marley-jersey-t-top,sydney-t-top; city-active-top; ladies-reese-v-neck-top; cleo-v-neck-shirred-cuff-top
womens-multi-pleat-skirt,womens-front-pleat-detail-straight-skirt; womens-bandless-pencil-skirt
womens-nicholson-premium-poplin-long-sleeve-shirt,mens-nicholson-premium-poplin-long-sleeve-shirt; mens-nicholson-premium-poplin-short-sleeve-shirt; womens-nicholson-premium-poplin-short-sleeve-shirt; premium-poplin-3-4-sleeve-shirt
womens-nicholson-premium-poplin-short-sleeve-shirt,mens-nicholson-premium-poplin-short-sleeve-shirt; mens-nicholson-premium-poplin-long-sleeve-shirt; womens-nicholson-premium-poplin-long-sleeve-shirt; premium-poplin-3-4-sleeve-shirt
womens-outdoor-long-sleeve-shirt,womens-outdoor-short-sleeve-shirt; mens-outdoor-s-s-shirt; mens-outdoor-l-s-shirt; mens-hi-vis-outdoor-l-s-shirt
womens-outdoor-short-sleeve-shirt,womens-outdoor-long-sleeve-shirt; mens-outdoor-s-s-shirt; mens-outdoor-l-s-shirt; mens-hi-vis-outdoor-l-s-shirt
womens-pink-jogger-scrub-pant,womens-pulse-jogger-scrub-pant; mens-riley-slim-leg-jogger-scrub-pant; womens-riley-slim-leg-jogger-scrub-pant; womens-pink-v-neck-scrub-top
womens-pink-v-neck-scrub-top,unisex-pulse-v-neck-scrub-top; womens-pulse-v-neck-scrub-top; womens-riley-v-neck-scrub-top; womens-pink-jogger-scrub-pant
womens-pulse-jogger-scrub-pant,womens-pink-jogger-scrub-pant; unisex-pulse-straight-leg-scrub-pant; unisex-pulse-v-neck-scrub-top; womens-pulse-v-neck-scrub-top; mens-riley-slim-leg-jogger-scrub-pant; womens-riley-slim-leg-jogger-scrub-pant
womens-pulse-v-neck-scrub-top,unisex-pulse-v-neck-scrub-top; womens-pulse-jogger-scrub-pant; unisex-pulse-straight-leg-scrub-pant; womens-riley-v-neck-scrub-top
womens-riley-slim-leg-jogger-scrub-pant,mens-riley-slim-leg-jogger-scrub-pant; womens-riley-straight-leg-scrub-pant; womens-pulse-jogger-scrub-pant; mens-riley-straight-scrub-pant; womens-pink-jogger-scrub-pant; mens-riley-v-neck-scrub-top; womens-riley-v-neck-scrub-top
womens-riley-straight-leg-scrub-pant,mens-riley-straight-scrub-pant; womens-riley-slim-leg-jogger-scrub-pant; mens-riley-v-neck-scrub-top; womens-riley-v-neck-scrub-top; mens-riley-slim-leg-jogger-scrub-pant
womens-riley-v-neck-scrub-top,mens-riley-v-neck-scrub-top; mens-riley-straight-scrub-pant; womens-riley-straight-leg-scrub-pant; mens-riley-slim-leg-jogger-scrub-pant; womens-riley-slim-leg-jogger-scrub-pant; womens-pulse-v-neck-scrub-top
womens-ruche-long-sleeve-blouse,womens-ruche-short-sleeve-blouse; womens-evelyn-long-sleeve-blouse; ladies-madison-long-sleeve-blouse; womens-evelyn-short-sleeve-blouse; womens-aria-fluted-sleeve-blouse; womens-estelle-pleat-blouse; ladies-madison-boatneck-blouse; womens-kayla-v-neck-pleat-blouse
womens-ruche-short-sleeve-blouse,womens-ruche-long-sleeve-blouse; womens-evelyn-short-sleeve-blouse; womens-evelyn-long-sleeve-blouse; ladies-madison-long-sleeve-blouse; womens-aria-fluted-sleeve-blouse; womens-estelle-pleat-blouse; ladies-madison-boatneck-blouse; womens-kayla-v-neck-pleat-blouse
womens-saffron-chef-flex-pant,mens-saffron-chef-flex-pant; al-dente-mens-chef-jacket; mens-alfresco-short-sleeve-chef-jacket; barley-apron
womens-sammy-skirt,womens-multi-pleat-skirt; lawson-ladies-chino-skirt; traveller-womens-chino-skirt; womens-bandless-pencil-skirt; womens-comfort-waist-cargo-skirt; womens-front-pleat-detail-straight-skirt; cool-stretch-womens-mid-waist-pencil-skirt
womens-siena-adjustable-waist-pant,mens-siena-adjustable-waist-pant; siena-7-8-mid-waist-slim-leg-pant; mens-siena-slim-fit-flat-front-pant-regular; siena-womens-longline-jacket; mens-siena-2-button-jacket; siena-womens-mid-length-jacket; renew-womens-tapered-adjustable-waist-pant; renew-mens-adjustable-waist-straight-leg-pant
womens-signature-cardiagn,signature-hoodie; ladies-signature-trouser; mens-signature-trouser; mens-signature-polo; womens-signature-polo; mens-signature-long-sleeve-polo; womens-signature-long-sleeve-polo; mens-crew-pullover; womens-crew-pullover; mens-1-4-zip-pullover
womens-signature-long-sleeve-polo,mens-signature-long-sleeve-polo; mens-signature-polo; womens-signature-polo; ladies-signature-trouser; mens-signature-trouser; mens-signature-shorts; signature-hoodie; womens-signature-cardiagn
womens-signature-polo,mens-signature-polo; mens-signature-long-sleeve-polo; womens-signature-long-sleeve-polo; ladies-signature-trouser; signature-hoodie; mens-signature-shorts; mens-signature-trouser; womens-signature-cardiagn
womens-slimline-belt,womens-belt; mens-leather-belt; mens-standard-belt; casual-braided-belt
womens-soft-stretch-pant,cool-stretch-womens-tapered-leg-adjustable-waist-pant
womens-soul-long-sleeve-shirt,mens-soul-long-sleeve-shirt; womens-evelyn-long-sleeve-shirt
womens-stone-zip-sided-low-cut-boot,womens-wheat-zip-sided-boot; womens-black-zip-sided-boot; elastic-sided-boot; mens-brown-elastic-sided-boot; premium-elastic-sided-boot-w-scuff-cap
womens-streetworx-tough-pant,mens-streetworx-heritage-pant; mens-streetworx-stretch-pant-non-cuffed; unisex-streetworx-beanie; mens-streetworx-heritage-short; unisex-streetworx-hooded-puffer-vest; womens-essential-stretch-taped-cargo-pant; womens-essential-basic-stretch-cargo-pant
womens-tailor-jacket,mens-tailor-jacket; ladies-geneva-jacket; ladies-apex-lightweight-softshell-jacket; mens-apex-lightweight-softshell-jacket
womens-tokyo-scrub-top,mens-tokyo-scrub-top; mens-riley-v-neck-scrub-top; womens-pulse-v-neck-scrub-top; womens-riley-v-neck-scrub-top
womens-tornado,slip-on-shoe; womens-court-club; womens-derby-city; mens-black-lace-up-derby-shoe
womens-venture-pant,mens-venture-short-sleeve-polo; womens-venture-short-sleeve-polo; ladies-bella-pant; so-ezy-pant; city-active-pant; jane-3-4-length-stretch-pant
womens-venture-short-sleeve-polo,mens-venture-short-sleeve-polo; womens-venture-pant; ladies-210-polo
womens-washable-a-line-skirt,womens-washable-pencil-skirt; mens-washable-pant; womens-washable-slim-leg-pant
womens-washable-one-button-jacket,mens-washable-jacket; mens-washable-pant; womens-washable-slim-leg-pant; mens-siena-2-button-jacket; renew-womens-single-button-mid-length-jacket
womens-washable-pencil-skirt,womens-bandless-pencil-skirt; womens-washable-a-line-skirt; renew-womens-functional-pencil-skirt; cool-stretch-womens-mid-waist-pencil-skirt; mens-washable-pant; womens-washable-slim-leg-pant
womens-washable-slim-leg-pant,mens-washable-pant; mens-washable-jacket; womens-washable-pencil-skirt; womens-washable-a-line-skirt; womens-washable-one-button-jacket; renew-womens-7-8-mid-waist-slim-leg-pant; siena-7-8-mid-waist-slim-leg-pant; womens-cool-stretch-bandless-slim-leg-pant
womens-westgarth-gingham-long-sleeve-slim-fit-shirt,mens-westgarth-gingham-long-sleeve-slim-fit-shirt; westgarth-gingham-long-sleeve-slim-fit-shirt; westgarth-gingham-3-4-sleeve-shirt; womens-westgarth-gingham-short-sleeve-shirt; mens-westgarth-gingham-long-sleeve-shirt; mens-westgarth-gingham-short-sleeve-shirt
womens-westgarth-gingham-short-sleeve-shirt,mens-westgarth-gingham-short-sleeve-shirt; westgarth-gingham-3-4-sleeve-shirt; mens-westgarth-gingham-long-sleeve-shirt; westgarth-gingham-long-sleeve-slim-fit-shirt; mens-westgarth-gingham-long-sleeve-slim-fit-shirt; womens-westgarth-gingham-long-sleeve-slim-fit-shirt
womens-wheat-zip-sided-boot,womens-black-zip-sided-boot; womens-stone-zip-sided-low-cut-boot; elastic-sided-boot; mens-brown-elastic-sided-boot; premium-elastic-sided-boot-w-scuff-cap
womens-zip-front-short-sleeve-knit-cardigan,nova-mens-knit-jacket; nova-womens-knit-jacket; nova-mens-knit-vest; mens-milano-pullover
wos-classic-l-s-tee,classic-l-s-tee; mens-classic-tee; mens-classic-stripe-tee; wos-maple-stripe-tee
wos-maple-stripe-tee,womens-maple-tee; maple-organic-tee; mens-classic-stripe-tee; wos-classic-l-s-tee
zest-mens-l-s-chef-jacket,zest-mens-s-s-chef-jacket; zest-womens-chef-jacket; al-dente-mens-chef-jacket; barley-apron
zest-mens-s-s-chef-jacket,zest-mens-l-s-chef-jacket; zest-womens-chef-jacket; montreal-cool-vent-chef-jacket; berkeley-chefs-bib-apron
zest-womens-chef-jacket,zest-mens-s-s-chef-jacket; zest-mens-l-s-chef-jacket; montreal-cool-vent-chef-jacket; berkeley-chefs-bib-apron
zip-back-tunic,ezylin-tunic; 4-way-stretch-tunic; heart-print-tunic; city-stretch-spot-tunic